Actual,Predicted
9,9.18
97,57.22
13,8.4
11,10.56
24,18.47
14,10.12
15,12.81
15,14.8
13,12.8
42,20.79
9,9.31
47,36.6
2,4.29
59,47.98
37,32.65
37,36.6
90,95.06
27,24.6
34,35.87
42,41.71
19,21.12
9,7.65
91,84.37
19,15.88
9,6.53
10,11.0
9,7.72
9,11.82
14,13.71
27,25.42
7,6.15
15,12.13
23,25.59
8,12.78
12,10.97
6,5.57
8,8.94
6,10.73
20,16.78
113,113.15
5,5.65
22,26.56
36,28.49
46,44.7
52,54.59
9,9.17
18,13.99
7,5.94
47,47.47
10,18.26
4,5.15
18,20.94
15,19.03
26,24.38
86,89.31
17,19.93
8,12.51
6,5.66
59,59.13
28,24.78
16,18.37
5,6.33
1,3.69
4,5.84
25,22.6
34,36.62
6,4.73
9,8.16
12,5.89
22,17.05
47,45.27
34,35.22
9,8.58
5,6.62
33,29.44
72,58.99
21,18.03
19,16.26
4,4.56
16,15.72
35,50.02
30,21.82
13,20.16
16,10.42
12,12.34
19,18.39
7,8.4
34,40.41
51,50.52
28,24.05
61,62.19
21,23.71
5,14.19
14,13.58
20,21.9
10,7.03
3,8.81
6,3.97
16,19.94
31,42.76
35,30.59
16,17.03
32,27.6
2,3.64
9,7.96
9,10.13
63,56.86
31,34.43
6,4.54
14,15.55
7,7.73
54,44.67
85,73.26
13,8.94
14,13.87
17,23.86
6,6.12
5,3.2
17,14.65
17,19.73
10,14.65
6,11.38
6,9.03
4,4.64
42,45.48
4,3.91
23,22.35
26,21.86
55,58.41
9,10.1
8,7.77
19,14.26
17,15.47
7,6.61
55,56.82
6,4.35
7,5.62
16,12.07
4,6.34
44,44.17
46,48.83
6,4.4
10,6.91
68,66.18
6,5.77
9,7.93
55,53.69
25,23.38
13,10.52
6,6.71
55,59.16
26,23.93
7,10.63
20,16.36
50,49.8
13,12.08
9,7.11
115,106.97
54,53.51
42,40.12
9,9.27
54,54.19
58,61.37
31,30.11
30,29.4
19,19.98
72,63.16
15,15.95
10,11.15
5,10.34
11,7.39
13,11.93
5,5.75
15,14.37
25,23.1
8,5.82
45,52.35
8,9.26
5,3.48
11,14.47
32,18.4
9,8.2
5,7.83
7,5.04
53,45.5
10,11.83
38,49.11
53,47.05
21,24.91
16,13.22
19,18.75
31,34.98
20,21.05
12,8.91
21,12.32
2,3.52
7,5.72
14,12.4
8,9.6
68,66.58
30,32.1
57,55.96
12,16.18
74,54.61
25,27.07
53,51.78
9,6.7
7,10.11
7,9.23
18,16.58
45,49.91
5,7.04
50,51.24
10,22.88
7,5.68
11,11.55
9,9.9
10,11.43
13,11.54
16,19.5
13,10.71
8,13.37
78,66.33
5,8.93
6,8.76
13,10.45
6,6.43
69,75.78
27,26.91
30,29.06
9,6.91
2,3.79
49,58.23
7,6.4
19,24.66
20,15.05
29,34.57
16,14.51
91,89.99
9,7.97
16,16.07
11,8.82
22,26.53
22,16.69
27,45.1
59,64.36
8,6.54
8,11.92
6,5.09
18,18.64
3,5.56
25,26.05
14,13.34
9,7.76
19,21.52
28,27.62
21,23.34
9,6.2
16,10.24
20,21.15
14,12.77
14,12.01
26,23.81
16,16.83
12,13.67
19,14.31
47,52.9
37,35.34
7,9.85
7,9.54
43,40.18
17,19.08
5,6.45
15,20.34
4,7.07
54,54.02
19,18.39
86,86.1
35,42.05
18,17.46
82,75.19
53,55.58
12,7.6
22,23.39
7,6.15
24,21.73
7,9.58
16,15.94
17,19.88
14,16.2
11,10.27
65,68.12
10,7.83
51,56.71
30,41.67
9,8.62
3,2.96
28,23.66
11,8.89
32,22.23
18,20.07
26,23.64
25,20.37
11,9.98
9,8.23
6,9.11
29,29.59
16,26.44
8,6.26
56,58.32
26,29.6
60,49.85
15,13.28
25,24.05
23,29.85
20,25.19
18,19.55
18,14.47
24,29.25
27,31.6
10,12.21
32,33.55
10,7.62
63,52.63
10,9.57
21,21.85
5,4.3
8,11.38
9,13.43
29,29.6
19,28.89
4,8.68
32,34.59
50,51.57
5,7.28
9,11.13
7,7.14
29,29.78
2,4.82
19,13.74
7,4.49
33,31.07
6,6.72
31,34.5
34,34.45
13,13.72
13,19.85
18,16.56
12,9.35
57,57.44
2,4.6
18,17.78
32,32.97
19,15.59
6,10.68
44,41.25
5,7.32
6,7.53
17,16.43
3,5.72
16,14.11
10,8.57
16,15.2
20,16.72
16,20.96
11,13.19
50,57.07
8,7.32
37,43.7
28,30.84
16,16.92
5,5.43
15,14.03
5,5.7
19,24.04
14,16.15
86,84.36
7,11.3
16,13.94
55,55.88
88,89.77
27,24.44
9,10.28
22,19.58
31,25.85
40,43.97
44,51.12
26,23.85
17,16.24
19,17.85
12,11.28
17,14.34
9,12.88
15,17.44
37,39.7
19,9.7
8,6.28
14,13.01
19,15.42
9,8.13
5,5.75
12,14.1
36,38.7
18,20.59
25,27.11
39,36.28
13,12.54
5,4.38
59,53.82
16,17.43
3,6.26
17,16.28
66,60.78
13,11.69
15,16.37
22,18.62
28,32.21
13,15.86
9,11.06
36,34.68
19,17.2
62,62.45
6,6.31
24,28.1
94,96.83
8,7.84
68,58.93
17,15.21
73,70.64
15,14.05
9,8.98
38,43.36
17,18.56
6,5.23
95,93.75
15,14.38
8,8.03
5,6.71
25,25.59
11,11.72
16,18.68
18,19.27
19,15.89
35,34.29
6,8.79
27,30.39
173,152.67
12,15.06
63,62.95
27,29.35
5,8.09
25,25.45
13,12.39
45,39.92
75,74.76
22,14.75
8,8.31
8,8.13
11,11.13
13,10.47
7,7.49
8,6.48
30,34.95
13,11.89
43,59.42
8,12.69
38,38.79
12,11.14
9,9.06
63,62.29
16,22.61
5,4.77
34,35.13
35,35.56
14,15.65
8,5.7
16,19.53
2,6.59
9,7.71
24,25.51
15,15.1
8,7.77
54,55.28
21,22.43
4,5.91
20,29.73
19,18.78
41,38.44
4,6.95
6,6.04
7,6.63
7,11.72
29,24.17
1,3.45
11,10.71
11,12.56
10,9.53
7,8.06
9,9.58
69,56.44
11,10.58
15,12.73
17,15.1
16,15.89
4,6.38
30,26.35
6,7.64
6,8.81
7,4.7
7,9.73
17,16.29
6,6.71
6,4.19
9,10.31
13,16.75
5,5.85
24,18.56
13,12.25
12,12.13
24,30.92
14,9.93
4,4.05
21,17.68
9,10.96
9,7.67
17,13.48
7,3.68
22,26.09
16,15.52
34,37.11
14,16.41
9,10.11
9,11.36
58,53.32
13,11.83
33,26.77
20,22.94
47,47.73
15,13.25
5,7.94
15,10.04
23,24.1
42,38.14
73,69.03
9,13.72
5,3.33
20,21.63
59,40.26
39,40.54
11,14.07
35,33.21
14,10.42
6,6.61
38,43.34
9,7.01
29,35.73
49,39.91
16,19.62
20,23.29
34,27.58
4,4.2
8,6.41
77,77.07
11,10.39
14,20.01
21,22.07
13,13.23
12,11.17
38,44.89
2,5.46
31,28.16
47,38.84
45,44.2
11,13.4
89,89.98
17,15.34
84,80.95
6,7.43
8,4.86
11,7.8
22,19.78
7,9.5
45,44.51
10,4.5
9,12.52
27,30.39
12,15.81
32,29.29
36,29.44
14,16.49
16,25.02
46,46.67
4,7.02
16,15.47
18,21.13
5,8.69
35,41.94
40,42.57
36,31.88
16,15.72
7,5.53
7,6.9
45,44.68
12,10.09
41,42.63
13,17.55
4,4.34
83,87.73
31,31.55
81,80.08
5,4.41
12,14.05
7,4.22
8,5.94
9,10.56
35,45.47
17,20.23
21,24.42
26,32.81
31,28.24
5,6.77
15,14.15
41,43.5
17,22.0
18,19.82
12,14.32
22,25.98
54,50.64
9,11.96
53,49.33
9,6.84
10,13.07
54,49.43
28,26.06
19,17.66
60,49.7
12,11.18
43,30.25
14,15.09
35,37.62
16,21.77
30,24.52
10,8.69
81,87.38
8,7.11
15,12.32
44,48.63
12,13.39
63,55.84
17,15.08
42,40.96
8,7.05
14,11.38
58,56.06
17,16.12
5,5.47
20,21.04
17,17.91
5,6.09
4,3.81
7,7.88
14,12.25
11,12.67
18,17.79
4,6.63
29,26.49
50,48.51
11,7.83
64,66.33
20,23.27
9,7.57
34,33.94
18,21.27
4,3.84
54,58.09
27,27.21
10,11.33
15,17.82
8,7.87
14,14.53
10,11.37
29,27.26
6,11.97
6,4.97
8,9.16
15,15.04
6,4.84
7,4.59
7,5.69
9,14.76
6,4.87
22,16.35
13,14.35
6,4.82
11,10.99
19,27.43
6,8.69
11,10.8
9,7.6
11,12.71
10,7.49
19,20.48
27,34.97
36,32.19
20,23.42
17,19.17
15,16.02
24,20.4
18,15.78
2,3.84
19,28.2
14,9.11
9,11.37
10,7.93
16,13.81
10,12.51
8,8.71
8,6.94
10,10.78
12,12.11
14,9.74
8,6.58
64,60.28
7,4.92
7,8.98
8,6.44
9,7.47
9,7.16
6,5.7
97,87.76
8,9.04
8,7.52
32,38.06
23,19.18
23,25.88
14,15.7
35,37.42
21,25.66
12,9.7
27,23.44
5,4.02
18,18.05
15,15.56
11,9.97
11,11.4
40,58.48
70,71.75
11,12.75
31,30.73
7,9.68
18,19.04
11,8.04
17,17.6
2,2.39
18,16.56
16,14.37
14,14.47
5,4.82
21,32.05
48,49.02
19,19.81
6,9.69
16,16.72
67,67.29
13,13.13
25,26.89
9,10.44
20,18.98
20,15.85
7,7.15
113,109.16
13,7.6
21,17.39
18,21.37
9,11.76
15,15.0
12,10.68
38,36.18
56,54.92
6,5.51
15,17.08
9,6.18
28,25.37
8,8.97
11,11.64
59,56.33
6,7.37
8,11.13
6,10.78
7,6.2
16,11.21
22,20.35
25,25.57
13,14.12
6,7.67
8,9.9
9,7.81
53,56.34
92,88.51
8,7.31
8,7.48
20,19.76
14,13.61
28,31.1
7,8.26
4,3.8
14,16.17
12,11.91
17,22.09
12,14.69
3,3.01
13,13.38
12,11.35
7,12.02
7,6.77
35,39.09
10,10.63
10,12.24
48,43.63
22,24.43
11,10.54
3,5.43
38,54.56
18,16.59
5,8.24
20,24.71
42,16.86
28,24.92
37,39.85
45,39.62
57,55.63
26,24.82
50,48.4
13,18.37
30,28.65
8,9.04
15,15.56
28,28.17
7,7.29
28,26.58
5,8.08
8,8.86
11,13.09
45,40.42
6,7.15
6,8.67
20,20.02
6,5.43
35,49.81
26,34.99
12,14.72
13,11.39
12,20.35
21,23.18
60,51.46
50,47.87
30,42.38
8,5.81
23,16.33
7,10.02
18,16.27
56,49.05
10,9.5
16,16.92
10,11.27
7,6.87
11,10.6
7,8.15
31,27.33
10,10.98
45,38.3
20,19.25
13,12.9
10,9.1
45,46.68
25,25.78
6,4.64
7,7.52
9,9.65
36,40.2
8,7.3
12,12.41
6,6.87
47,68.17
89,83.95
14,14.13
31,27.76
5,6.83
3,4.26
7,9.65
11,9.29
30,24.98
7,11.02
39,31.47
5,7.41
68,73.99
72,64.12
17,15.35
22,21.31
10,8.46
12,15.13
39,32.01
5,4.22
12,10.14
42,35.42
20,20.72
31,30.84
66,46.57
9,6.9
15,18.41
9,15.87
41,37.18
3,4.98
9,12.04
4,5.19
22,21.41
5,6.93
27,28.02
9,8.98
23,22.51
47,38.59
35,31.99
16,16.92
28,40.75
46,65.46
14,14.06
8,7.62
8,10.4
15,13.86
16,18.04
14,13.2
37,38.64
61,62.04
15,12.44
10,9.79
19,20.91
31,32.19
24,19.51
48,43.17
52,43.76
10,11.52
17,14.63
54,46.66
10,9.14
14,11.91
8,5.24
16,15.67
10,10.94
18,26.49
11,9.39
16,12.39
18,21.63
75,80.08
30,30.46
11,9.07
21,27.27
19,20.87
100,99.62
9,5.91
8,7.59
53,53.97
26,33.93
55,57.55
7,5.91
12,13.89
17,14.78
76,79.15
33,32.89
13,8.16
14,13.13
60,66.76
6,5.29
13,15.53
50,39.31
49,61.86
30,32.36
73,70.59
58,52.36
23,16.07
20,21.23
5,9.56
10,10.47
14,15.97
15,18.34
88,78.66
27,26.89
30,24.01
23,22.4
11,8.56
63,64.15
54,40.59
6,5.61
18,18.65
10,13.29
90,94.61
11,10.64
53,50.0
12,14.16
7,7.24
31,35.87
54,54.19
19,17.28
10,9.72
9,7.36
8,7.09
17,14.33
14,14.15
11,9.18
23,35.34
9,7.62
17,13.74
19,19.47
52,47.48
48,48.02
8,9.18
24,25.62
10,7.88
21,24.5
14,14.34
5,7.11
13,11.45
7,7.89
17,12.82
25,21.51
51,44.28
12,10.66
10,10.22
19,28.17
4,3.9
14,8.35
9,5.21
17,15.81
8,8.87
39,37.92
17,17.43
13,9.29
10,8.54
7,4.8
8,9.79
9,21.68
13,11.79
10,12.97
5,6.84
14,15.28
30,28.25
13,14.17
10,14.75
31,33.89
41,42.53
17,16.66
6,4.2
13,15.15
18,15.57
7,6.21
21,21.5
5,7.98
5,5.16
58,56.4
2,3.61
31,30.54
9,7.47
7,12.42
10,10.85
8,8.91
10,12.53
8,10.48
7,7.88
28,33.49
9,6.39
13,20.51
24,27.13
30,33.92
41,36.15
4,3.77
3,4.09
7,5.63
68,64.79
6,7.83
63,69.35
19,22.53
53,49.47
7,14.43
3,5.98
59,56.23
41,38.65
8,10.71
14,14.22
26,30.47
9,9.8
39,37.64
5,4.3
44,48.25
17,16.33
17,20.36
9,7.1
85,89.3
9,10.04
29,29.87
5,4.06
8,6.38
13,10.78
39,37.73
11,14.47
82,82.45
4,3.6
28,27.86
10,7.22
9,8.86
7,7.58
29,30.97
3,5.62
30,26.59
7,5.87
14,12.3
44,42.92
12,10.55
30,31.93
36,38.97
19,19.05
4,5.3
18,22.47
25,22.3
14,14.65
9,7.6
9,11.57
4,4.9
9,5.47
6,7.34
28,26.94
5,6.82
12,11.9
31,32.19
15,16.86
9,7.66
8,7.76
34,31.86
12,10.2
3,4.52
9,6.31
6,5.04
84,92.94
3,7.98
11,10.17
33,27.76
13,9.47
55,48.89
54,53.84
41,44.47
15,8.14
62,54.66
6,7.65
10,11.71
66,65.76
8,7.11
16,13.83
23,19.73
16,22.18
13,17.39
9,6.73
4,2.99
4,2.16
39,43.03
8,10.3
5,4.01
34,31.72
38,32.04
13,10.19
9,9.57
7,10.57
9,7.97
43,48.98
11,11.6
6,5.89
55,52.95
6,6.75
5,6.3
75,62.9
17,16.81
13,13.18
14,11.66
16,16.76
10,14.79
53,49.74
7,6.5
21,19.68
10,8.29
9,15.15
6,8.37
5,2.66
23,20.42
6,6.14
8,6.32
65,63.94
1,5.36
12,10.82
10,9.54
72,65.3
11,12.52
39,40.14
17,18.01
28,32.83
30,29.1
12,15.9
6,6.31
23,21.05
70,60.06
20,18.31
32,29.83
9,9.07
77,93.98
23,24.06
17,16.66
16,23.53
9,10.03
45,46.22
35,35.08
67,63.5
24,30.6
13,13.24
15,14.55
21,23.18
83,82.05
43,40.56
5,7.14
7,5.23
10,11.63
65,73.95
6,7.03
4,5.66
14,11.14
2,2.44
18,15.05
4,4.77
10,11.56
17,16.86
19,20.86
39,42.41
10,12.42
5,3.75
60,56.98
8,7.47
19,17.14
6,7.71
8,7.39
22,21.52
6,5.1
26,22.04
25,27.63
4,5.91
13,9.72
19,14.43
8,11.66
31,27.82
39,25.47
30,24.15
5,7.26
10,11.0
35,34.8
16,12.7
1,2.98
4,4.61
7,9.09
7,6.82
79,72.39
10,9.41
5,6.44
6,4.77
19,14.61
27,26.52
49,48.73
10,18.34
19,13.81
42,39.43
13,14.9
6,9.87
24,27.27
9,10.8
3,6.05
26,28.43
6,5.32
94,92.79
8,10.59
10,8.98
19,13.16
27,27.74
18,22.47
8,7.95
10,7.74
8,9.48
9,7.09
9,6.31
4,4.71
43,40.32
68,65.63
28,30.36
5,4.48
12,10.18
67,77.07
30,25.33
52,51.51
20,17.75
24,20.25
53,58.75
8,6.65
19,23.87
30,26.6
34,33.92
14,15.31
16,14.55
36,35.96
68,76.29
122,113.37
6,6.75
86,91.97
19,14.9
8,7.59
6,7.88
20,17.6
14,14.21
34,29.77
26,23.86
22,20.65
7,6.24
6,6.87
3,7.09
8,5.65
13,16.95
27,25.33
21,18.96
55,53.33
8,11.25
8,9.8
28,28.83
13,9.16
13,16.45
79,81.78
25,29.8
7,11.65
5,5.14
11,7.69
7,10.38
10,7.95
4,3.53
6,10.08
51,57.6
13,15.99
20,28.43
3,3.06
50,43.42
9,11.42
6,3.75
34,40.57
66,44.47
9,10.27
8,7.27
56,50.37
82,83.23
15,10.05
5,8.45
67,65.59
54,56.27
21,22.23
36,30.56
28,27.41
30,33.02
79,27.37
12,15.42
4,5.49
28,28.43
36,39.87
17,14.17
29,27.48
4,5.44
8,10.14
4,3.87
4,6.17
83,70.9
19,15.64
15,11.7
10,10.49
46,40.15
12,10.05
12,16.04
32,32.84
20,18.92
10,8.94
54,54.83
15,17.48
6,3.94
17,18.8
45,40.3
6,4.39
12,16.34
15,15.31
18,17.39
19,18.15
16,17.26
9,9.51
45,42.32
15,15.06
12,15.76
8,9.57
29,26.64
22,19.52
12,11.78
5,9.05
46,57.75
8,8.47
12,14.51
19,19.11
18,21.76
24,27.49
19,18.7
6,7.33
12,12.15
25,24.36
15,18.2
6,8.94
9,8.89
7,7.98
39,36.29
59,57.36
16,17.99
7,6.47
46,54.4
15,12.01
20,18.81
8,9.77
33,32.97
38,38.35
3,7.21
21,23.58
46,43.8
19,19.47
8,6.29
15,19.37
47,41.61
9,9.78
21,19.1
10,8.11
18,13.16
7,7.55
8,6.24
41,32.26
14,10.22
10,9.44
10,9.78
32,31.36
40,38.11
18,14.2
23,18.77
8,8.73
23,24.96
57,61.67
25,22.77
10,8.7
51,53.19
35,31.52
21,25.64
15,10.63
9,9.66
27,27.27
25,23.49
7,5.27
100,107.73
42,47.33
2,3.57
7,6.95
17,15.72
14,12.13
22,21.74
55,53.01
16,13.99
65,44.16
16,15.38
7,7.07
4,3.53
7,6.66
53,54.18
85,88.03
8,6.06
13,17.08
30,29.6
6,5.85
62,59.51
15,16.13
2,6.34
50,48.05
8,11.92
7,10.7
32,34.97
31,33.86
16,17.39
69,63.73
22,26.3
51,48.16
7,7.03
14,18.87
9,8.71
20,15.04
5,7.52
40,37.12
13,15.59
26,23.29
5,1.8
6,5.91
7,6.58
4,4.0
13,9.15
15,16.75
39,35.55
9,8.64
39,51.06
14,11.53
13,15.34
39,43.71
40,50.14
6,4.87
29,33.28
13,9.62
60,58.08
15,13.2
7,8.84
50,43.64
8,8.3
7,4.95
57,54.98
39,45.23
32,28.84
54,53.38
4,3.32
11,13.67
3,14.59
61,61.4
15,12.56
12,11.19
28,32.5
27,23.32
89,80.18
13,10.27
25,21.56
16,14.73
82,78.55
55,53.26
14,15.27
19,18.89
9,7.4
62,49.78
13,14.03
42,39.05
11,6.07
40,40.48
13,12.33
13,21.24
19,24.77
28,28.04
32,33.89
10,8.48
5,5.01
11,8.67
5,6.16
33,37.53
10,9.87
19,17.51
6,7.19
80,78.35
6,8.83
9,11.33
48,49.51
11,6.07
5,7.19
18,18.72
4,3.2
59,40.87
42,48.2
20,19.25
23,17.14
9,10.69
19,15.33
15,13.46
40,35.28
36,41.48
21,23.73
5,5.42
29,28.83
15,11.02
22,26.2
15,17.87
17,26.5
12,9.21
7,5.61
37,37.87
17,13.09
19,20.74
6,4.66
15,16.86
6,5.16
5,5.12
7,7.41
36,20.84
8,6.81
15,10.99
38,37.39
7,8.08
9,13.41
5,4.95
12,11.45
57,55.81
41,36.66
8,11.06
47,40.22
23,20.91
6,12.08
70,71.19
12,10.41
79,77.72
8,6.03
70,64.02
15,18.48
27,20.31
35,37.47
108,106.7
14,13.68
75,71.73
5,9.25
8,7.38
5,6.53
8,9.14
6,5.97
18,19.63
6,5.9
33,26.11
26,23.23
19,20.53
12,15.44
46,46.79
38,40.75
18,16.01
22,29.82
12,7.67
9,9.37
16,19.74
19,9.53
14,9.05
22,21.26
7,4.62
10,12.13
13,13.0
10,10.95
6,3.06
8,8.86
19,23.09
60,56.04
21,19.01
7,9.68
68,63.4
51,61.22
23,25.32
4,6.05
25,28.7
42,37.27
17,16.84
91,86.09
30,21.73
17,19.75
14,15.29
6,6.19
2,3.78
22,23.69
11,12.04
17,16.19
16,13.91
12,10.9
7,11.31
13,17.3
6,3.45
31,37.64
15,15.55
36,36.51
2,3.82
12,8.77
4,6.88
64,62.31
8,9.82
45,44.04
14,16.87
8,5.14
14,11.13
9,16.7
3,2.96
13,11.43
62,57.64
26,23.11
9,8.61
4,6.15
10,8.08
7,7.43
15,15.15
6,6.85
5,3.48
9,4.01
16,15.9
41,41.16
8,10.96
13,12.49
18,18.37
58,64.05
42,50.57
13,10.02
12,17.81
43,33.24
26,24.42
9,11.09
3,3.15
8,8.15
9,13.75
114,105.84
16,14.11
16,13.31
28,27.82
20,44.48
22,20.7
7,8.5
35,33.6
72,70.9
14,12.83
14,14.73
6,7.66
61,56.72
24,25.39
29,31.1
5,9.0
14,18.82
19,19.87
12,10.05
10,10.05
20,23.11
5,3.55
10,12.39
11,6.21
63,59.29
33,31.32
5,2.82
45,41.06
11,10.02
9,9.98
32,32.74
17,20.27
13,9.62
53,54.89
19,20.15
7,5.32
13,15.11
34,36.44
8,10.39
14,9.89
4,7.61
15,20.65
7,6.53
10,9.64
9,10.83
12,11.57
25,22.36
15,12.36
7,6.82
22,21.85
11,8.31
11,11.62
9,12.33
23,23.94
27,22.51
4,6.36
13,12.39
17,16.98
9,7.16
65,64.34
15,8.99
46,46.77
3,3.45
44,46.79
12,9.71
10,13.67
74,61.26
14,12.84
18,22.93
7,11.94
47,45.2
27,34.38
31,31.86
8,8.79
7,9.5
85,88.1
5,9.09
5,4.39
11,10.76
8,7.08
15,12.5
14,11.94
12,15.59
27,41.48
18,29.63
26,29.89
34,31.47
72,76.57
3,3.95
8,11.28
17,16.71
16,16.79
12,11.23
5,7.88
37,33.34
10,12.2
16,11.4
12,12.31
38,34.4
11,9.01
9,7.74
89,74.62
11,9.6
13,14.03
31,27.55
19,18.4
24,25.0
14,13.45
8,7.63
43,41.77
66,65.67
25,23.65
22,28.48
11,15.6
73,62.53
30,32.39
45,45.77
27,32.59
54,70.25
55,45.72
4,6.49
16,14.33
17,16.66
6,5.51
74,67.64
15,13.6
17,18.76
10,9.3
63,63.52
14,20.12
9,8.01
5,4.33
51,48.38
19,18.7
13,11.84
5,7.38
24,20.67
8,6.87
26,23.41
60,54.6
28,21.75
3,4.1
88,88.18
6,4.82
10,10.02
6,9.25
15,15.78
4,4.06
19,18.88
78,75.99
15,16.87
39,38.23
13,9.18
9,11.65
8,5.51
16,14.63
6,8.17
14,11.06
32,37.06
17,15.39
45,41.4
92,96.9
11,14.35
9,22.25
4,2.85
7,9.75
9,12.38
11,9.8
9,10.07
10,10.74
5,4.52
28,31.45
54,53.46
18,16.17
2,4.98
24,19.32
6,7.4
19,17.48
11,9.34
27,27.65
54,54.34
18,18.31
17,17.16
13,9.34
31,31.33
31,27.4
51,50.96
27,26.96
18,16.84
55,48.11
10,13.25
21,19.56
19,19.52
29,30.11
8,7.56
16,21.04
3,3.52
49,41.93
4,3.73
16,18.83
4,5.11
11,11.12
60,60.01
13,10.48
6,8.54
7,10.55
47,64.61
6,4.36
27,29.85
48,48.0
8,5.94
14,11.22
20,17.21
6,4.73
17,6.1
25,25.06
36,37.27
18,14.66
4,4.36
4,10.69
29,26.43
53,47.19
59,51.95
22,27.22
5,5.06
28,29.79
52,55.38
11,7.54
59,63.7
15,13.79
6,6.79
19,21.35
14,13.31
17,20.3
26,23.67
37,32.21
79,82.26
22,27.35
5,6.03
36,27.72
12,16.11
7,7.96
47,46.67
44,51.46
115,102.56
18,15.75
4,7.28
14,15.37
42,53.5
5,6.46
14,15.32
13,15.94
14,16.34
14,14.51
9,8.34
17,21.33
25,22.89
9,10.22
8,6.34
88,88.43
11,8.68
74,78.76
23,21.82
8,8.37
17,21.47
18,13.61
22,19.58
9,4.52
8,7.1
9,6.22
57,57.32
15,9.56
30,27.48
5,3.45
12,9.05
47,42.21
6,10.45
19,16.52
80,83.31
11,14.62
15,10.92
12,12.45
4,2.59
26,32.72
16,18.83
8,7.31
4,4.69
13,14.62
22,24.03
15,16.35
30,32.23
102,115.93
13,14.13
21,16.85
10,12.37
7,8.11
48,48.95
22,20.43
9,8.97
95,84.66
24,27.54
2,4.46
17,14.65
18,18.49
20,18.07
14,12.02
15,12.05
5,5.99
7,9.34
19,18.08
93,94.12
3,5.37
6,7.16
45,42.94
22,25.09
11,12.93
13,8.9
4,6.69
27,34.39
16,21.24
8,7.35
54,54.81
4,4.2
21,21.94
14,15.43
46,42.76
19,19.65
24,19.61
11,11.1
30,33.55
4,4.89
33,43.13
14,15.72
6,6.35
12,8.79
12,13.02
14,15.15
24,30.97
43,58.19
11,9.02
14,15.18
39,45.81
58,63.31
8,8.3
45,54.5
33,39.87
15,13.48
102,98.61
37,38.78
9,8.07
58,55.73
5,3.86
26,18.67
11,16.54
7,6.61
8,5.44
29,30.57
16,23.76
7,9.96
45,33.05
12,7.05
19,20.12
5,5.43
18,19.27
4,3.14
6,7.4
69,64.94
14,20.28
77,73.57
19,27.62
42,36.57
21,27.44
7,7.36
20,22.39
8,7.42
26,22.14
87,65.84
83,80.67
3,5.31
15,16.1
33,35.64
17,15.05
7,9.59
5,10.19
14,15.27
6,6.87
7,10.01
19,15.28
10,10.4
7,5.85
33,34.75
15,17.96
31,26.39
10,13.65
5,4.41
2,5.39
37,36.02
10,10.32
4,7.73
8,8.97
74,76.14
20,19.63
15,13.81
35,31.52
5,7.89
9,9.91
9,8.84
7,8.39
24,21.78
52,57.36
4,2.5
9,11.12
98,95.38
31,28.19
18,26.93
61,58.58
8,10.92
3,4.4
31,29.17
61,63.23
54,53.57
5,8.43
15,17.88
7,7.93
50,52.44
9,12.09
15,15.64
7,10.69
12,9.47
8,10.13
32,26.64
18,15.97
3,6.06
10,8.58
21,24.81
10,11.98
75,70.06
35,37.18
29,38.11
7,9.07
8,5.81
26,31.9
8,8.42
11,17.78
27,27.21
55,41.72
20,21.81
14,15.17
11,12.86
5,7.59
14,17.09
15,16.13
13,16.05
31,31.7
102,101.51
9,8.87
9,8.62
14,12.21
8,6.62
14,14.91
74,72.78
7,7.76
20,22.41
5,6.54
62,57.29
3,2.93
34,34.27
4,4.67
19,20.13
19,18.38
19,18.82
12,6.59
18,27.97
35,40.61
15,13.19
4,2.43
57,64.28
10,11.19
26,24.21
23,16.91
7,6.95
59,57.53
14,13.04
55,54.95
5,4.8
10,10.19
21,19.89
12,12.11
4,6.59
10,11.55
7,6.23
29,21.41
18,19.99
19,17.27
14,20.09
27,23.85
12,13.37
6,7.04
45,56.14
10,10.87
8,8.43
3,6.06
17,18.32
32,39.54
24,37.56
14,11.99
22,24.71
2,4.76
81,76.96
26,29.4
38,38.25
83,82.09
8,7.97
12,14.11
10,9.22
15,15.14
110,133.2
4,7.3
28,20.97
55,46.89
33,38.38
29,22.66
59,51.49
51,45.82
84,79.96
10,11.19
48,44.6
19,16.4
39,48.94
32,24.93
11,9.44
18,18.98
35,41.77
8,9.14
10,14.17
37,30.86
17,17.94
7,6.88
10,9.02
13,15.77
38,42.71
9,11.55
9,14.41
15,16.72
20,18.99
23,24.01
16,14.48
10,5.19
32,32.26
5,7.12
39,44.09
58,48.74
28,25.83
32,31.17
56,58.64
73,65.67
41,38.72
10,11.19
14,13.16
31,32.78
13,20.38
31,39.59
14,11.33
8,8.61
35,31.87
35,31.34
15,21.31
13,7.8
25,21.42
20,32.55
17,16.9
26,32.48
3,7.23
86,83.71
65,66.29
18,20.47
27,19.4
37,39.94
17,15.16
10,10.87
11,14.96
5,2.75
31,29.9
14,17.24
20,20.83
8,9.48
5,5.11
41,38.21
25,28.87
15,13.76
16,15.31
7,6.62
39,37.33
5,7.6
2,3.36
33,33.84
41,43.68
15,19.56
92,83.45
10,15.69
23,23.66
21,22.34
18,21.31
16,14.09
4,6.98
45,43.14
12,16.07
27,28.19
8,8.75
6,6.99
14,10.64
10,12.06
16,15.15
29,31.55
15,12.36
8,9.66
10,7.2
23,28.75
12,12.03
51,49.35
7,1.75
12,13.73
22,20.34
47,45.43
12,12.22
25,18.87
34,34.78
9,8.09
95,86.56
8,10.77
5,7.09
11,11.64
42,42.11
16,14.05
19,18.87
11,15.01
77,74.68
61,57.28
8,11.39
35,30.77
7,11.36
13,13.06
54,57.41
29,34.53
7,5.68
23,23.26
19,17.32
7,14.81
15,11.77
13,14.87
9,9.35
5,5.02
5,8.7
24,29.41
9,11.47
6,9.35
52,50.49
29,19.39
65,58.91
77,74.56
60,66.2
22,22.89
48,46.97
44,41.92
10,9.03
4,8.15
41,43.66
10,13.89
24,22.13
23,11.17
19,19.05
27,22.06
25,24.1
22,20.74
41,44.63
4,6.63
10,7.99
7,6.53
25,28.6
14,13.5
43,35.81
84,86.54
20,19.29
7,5.53
5,5.73
4,5.75
1,6.07
7,10.17
31,34.11
11,9.75
11,14.14
1,4.74
13,15.93
12,13.1
14,13.3
36,34.62
10,9.4
4,4.47
12,13.58
6,12.29
19,17.97
5,2.35
12,11.1
35,50.43
15,13.74
34,32.89
37,33.62
20,19.98
36,35.07
14,12.26
6,5.06
11,6.7
89,87.61
45,41.33
12,10.47
49,47.52
5,4.65
17,20.22
6,6.91
6,5.38
16,17.05
26,43.24
11,11.76
19,16.48
40,38.7
12,10.7
9,10.87
21,17.45
44,50.92
65,60.5
16,15.55
8,6.19
4,5.46
8,6.68
28,35.4
29,26.58
20,17.05
13,9.38
45,57.44
26,22.56
110,107.09
90,85.17
8,11.52
16,18.73
9,11.02
20,19.82
18,24.0
8,8.94
13,12.9
57,58.44
7,8.06
11,11.32
5,5.09
63,64.69
31,25.35
6,3.66
67,70.56
31,30.72
9,6.37
14,16.42
8,12.85
11,10.98
7,7.11
5,4.76
5,5.98
3,7.44
5,5.16
3,2.36
32,29.55
22,27.53
47,41.05
2,4.8
7,5.53
13,18.98
4,3.42
17,17.52
6,6.45
13,11.28
7,7.82
11,14.32
36,33.0
32,29.03
6,9.65
28,32.04
39,35.78
27,24.39
36,33.21
17,19.16
46,29.58
15,14.4
20,23.22
7,4.94
29,30.9
6,8.51
23,23.17
109,105.04
70,67.9
57,55.74
6,3.99
31,33.13
14,10.99
10,11.83
39,35.58
11,11.22
16,11.12
8,12.24
16,11.88
69,63.85
5,3.01
5,3.0
11,9.73
34,36.24
40,38.41
15,16.98
17,19.91
5,10.76
6,11.51
1,5.16
42,45.77
14,10.24
17,17.09
61,60.04
10,12.03
8,5.93
70,58.0
18,21.93
26,27.87
20,20.68
14,15.46
9,6.45
19,20.17
6,8.2
41,37.13
9,10.58
11,16.27
13,16.32
17,15.1
44,43.04
42,39.39
56,53.52
9,11.07
88,77.18
11,9.24
50,47.35
2,4.96
61,53.41
14,15.38
19,18.45
24,20.11
5,4.79
12,13.13
14,15.22
15,11.11
8,11.24
13,26.12
11,9.85
25,27.75
6,7.79
3,4.87
14,11.07
5,4.69
19,9.7
17,11.87
25,22.44
4,5.57
12,11.49
52,38.57
58,63.91
7,7.68
16,8.97
8,7.77
49,50.1
6,7.16
35,34.85
18,11.04
16,15.85
32,30.98
13,14.06
41,45.15
11,11.62
7,10.43
5,2.24
15,14.3
63,69.81
17,27.18
17,22.18
6,6.64
8,7.59
13,12.35
16,13.66
9,9.36
18,18.38
47,54.04
49,48.21
62,68.33
15,11.64
17,16.56
4,4.83
20,18.03
16,13.0
29,29.34
22,24.7
8,7.44
7,9.02
4,3.19
27,29.11
27,26.12
23,29.44
7,12.48
10,10.22
32,47.02
4,7.41
29,30.81
15,14.06
37,51.15
12,10.15
20,15.53
13,16.34
10,8.55
3,6.39
9,10.44
7,7.96
56,55.06
32,31.11
58,56.66
8,9.85
16,18.75
3,5.46
11,11.98
30,30.4
52,41.41
6,9.66
9,9.72
66,73.9
8,6.12
5,6.61
5,4.81
41,41.67
7,9.99
22,19.38
11,10.0
30,28.92
5,6.23
9,8.14
6,6.39
12,8.55
22,23.84
11,10.67
21,18.04
22,19.73
11,9.44
12,13.94
4,4.34
90,86.0
14,12.38
65,79.1
11,12.1
16,14.48
27,28.41
17,17.2
49,45.52
41,39.13
44,50.16
16,18.68
9,9.7
48,51.09
9,9.45
93,91.79
73,62.76
12,6.45
6,4.13
21,22.53
17,13.99
59,52.4
6,11.59
17,16.79
14,18.39
4,4.67
10,13.24
17,16.65
11,5.93
7,8.06
11,13.3
16,14.93
63,50.5
7,10.31
13,10.64
11,12.4
14,12.46
93,85.77
14,10.96
11,8.6
25,24.48
8,4.78
8,10.42
10,9.56
16,14.2
72,71.39
50,52.46
15,10.68
8,12.11
15,9.23
59,54.67
13,16.8
8,8.77
31,39.8
5,6.35
18,17.09
8,5.32
44,42.36
57,57.77
9,12.55
9,8.11
12,10.33
15,17.19
21,35.48
16,15.15
18,12.91
12,11.71
8,8.96
31,27.66
14,23.83
19,17.09
9,10.56
4,6.5
6,6.25
38,43.85
8,6.26
27,22.4
18,17.87
13,11.8
19,18.64
29,27.53
6,6.67
18,16.53
18,17.42
6,7.1
8,7.19
15,16.4
30,40.87
10,7.63
63,64.54
10,14.37
60,57.41
45,54.28
3,5.36
5,8.23
12,16.35
26,26.28
6,4.13
26,38.64
80,87.56
79,79.69
6,6.31
21,16.04
4,8.28
21,17.88
8,7.52
7,7.69
7,7.82
10,9.08
10,10.53
23,24.23
6,3.14
12,7.92
6,2.35
44,36.03
25,16.28
21,20.57
8,10.12
5,5.88
24,25.0
54,58.55
12,11.66
44,47.74
10,12.86
18,11.9
18,15.0
12,15.25
23,20.62
29,37.3
21,23.94
35,36.48
31,38.34
4,7.12
28,24.5
9,6.47
12,16.86
6,4.39
2,5.25
23,15.09
3,3.61
46,47.4
9,11.75
34,30.87
19,18.28
24,25.39
24,21.6
28,29.11
16,11.85
72,73.57
9,15.87
3,2.52
14,14.9
7,16.53
5,5.14
28,25.47
16,15.48
9,17.14
6,5.71
12,9.22
12,16.31
18,15.46
6,9.13
57,62.36
13,14.15
23,18.57
17,14.97
37,37.62
7,5.49
58,48.56
11,9.28
10,10.08
13,12.0
69,62.95
6,3.86
4,7.99
12,11.11
19,15.32
35,26.17
10,11.69
23,26.95
6,4.87
23,26.01
17,18.86
50,52.56
6,12.38
10,6.91
5,6.53
7,8.17
15,15.03
21,18.2
78,77.43
80,54.44
8,8.38
12,13.12
18,16.4
17,17.13
12,11.0
16,15.13
13,12.48
6,4.36
5,4.16
14,15.86
14,10.12
85,81.47
14,14.84
9,9.3
20,17.94
37,35.0
12,9.31
5,7.21
15,16.78
5,3.25
18,22.33
15,19.82
8,15.02
21,17.71
11,28.01
26,27.27
35,35.11
62,65.82
23,21.52
37,38.87
7,10.24
25,21.39
8,9.59
26,23.66
66,52.41
53,53.06
21,25.38
30,35.19
9,8.38
20,21.12
19,17.74
39,39.94
31,37.27
14,14.85
12,13.45
55,46.15
7,6.97
18,16.6
39,39.15
17,17.85
5,7.4
61,56.68
10,8.34
56,59.98
18,17.64
41,39.66
14,15.45
31,25.46
20,30.6
6,4.95
9,6.18
3,3.78
22,23.52
20,20.55
72,74.06
9,8.76
4,3.21
4,3.26
9,11.86
9,9.86
69,72.56
5,4.99
43,48.33
18,17.65
36,41.25
18,23.86
84,80.57
10,11.86
19,16.82
17,17.09
19,15.42
12,7.78
22,23.11
16,17.72
8,6.18
6,5.06
9,6.69
13,12.14
35,49.85
44,42.21
39,35.04
13,10.85
5,4.69
39,39.05
101,97.68
28,44.95
22,51.32
18,20.16
71,72.4
13,16.26
10,8.58
12,12.79
72,76.97
7,8.38
27,6.84
8,13.19
9,8.42
67,67.86
14,12.59
18,21.84
32,31.63
49,47.14
10,9.61
18,16.77
64,49.76
90,89.47
12,11.9
13,13.12
10,9.11
91,93.86
9,8.96
42,39.9
8,6.57
5,7.09
11,12.3
5,8.66
10,9.27
7,7.64
7,8.25
15,14.1
54,52.64
32,34.86
15,13.92
14,12.0
15,15.27
12,9.9
33,31.07
13,15.83
20,15.77
39,37.88
26,19.54
10,10.59
8,5.13
19,17.06
13,12.38
11,17.78
27,30.54
13,14.43
61,59.95
7,7.29
14,16.18
17,12.3
10,8.03
12,10.27
1,3.96
66,70.29
14,11.29
28,33.47
34,25.12
19,11.22
100,100.69
5,3.47
4,8.58
13,10.69
47,50.79
11,10.96
11,10.31
17,16.0
50,50.65
20,16.18
14,15.18
54,63.59
10,8.83
15,13.03
10,9.81
5,6.96
13,30.5
25,19.2
34,33.88
17,11.85
94,96.8
7,8.93
20,21.61
34,35.23
31,31.0
3,2.2
31,30.55
5,5.81
17,19.26
4,7.41
41,35.97
81,78.8
23,21.06
29,21.18
6,4.98
39,37.54
29,30.79
45,47.72
3,2.95
24,26.98
17,16.82
23,20.18
4,3.32
39,38.99
9,8.8
7,8.46
16,21.5
14,13.4
6,9.29
16,18.5
16,14.91
22,21.8
15,13.88
6,7.95
31,39.17
43,44.53
17,17.8
5,3.92
4,7.05
30,31.31
10,6.62
25,23.41
12,16.39
61,58.98
11,6.91
23,23.68
60,61.71
16,14.17
21,22.67
12,24.97
21,19.11
60,52.32
7,6.71
8,5.27
31,38.69
7,7.91
41,34.69
10,6.21
8,11.46
11,11.01
15,17.77
16,16.17
17,17.48
49,49.02
9,8.01
17,17.09
16,14.65
57,47.55
6,7.84
32,30.64
31,33.71
5,4.46
13,13.3
11,12.38
56,61.87
37,38.07
21,17.23
46,48.73
14,26.81
14,13.48
12,9.19
58,58.4
37,36.35
14,13.77
5,4.56
12,6.54
4,5.02
44,40.26
12,13.3
14,13.85
73,71.57
5,8.05
10,7.83
9,11.21
5,8.09
70,66.41
39,38.59
11,12.21
27,32.17
11,12.96
15,16.73
5,2.88
21,18.81
13,19.6
15,11.13
40,41.97
29,25.14
7,6.5
18,19.79
5,5.38
39,33.42
18,17.05
18,17.18
50,66.72
26,31.93
8,8.12
11,10.27
34,47.01
10,7.97
6,12.02
11,8.37
4,5.62
30,30.82
7,8.9
18,22.13
4,6.46
13,14.07
33,30.32
16,17.79
51,20.21
12,15.3
14,13.46
17,16.56
5,4.61
47,43.03
23,21.52
14,8.39
45,48.78
42,37.35
19,16.67
58,47.97
25,17.71
11,14.78
14,14.52
17,15.18
58,54.14
6,10.17
21,22.14
3,5.33
10,12.27
6,5.21
6,15.53
15,15.71
16,16.03
8,6.93
12,11.27
5,8.42
86,88.5
15,14.43
9,8.08
88,78.2
17,18.24
33,15.42
43,43.45
18,16.91
8,7.23
18,20.32
40,42.12
13,9.34
54,54.7
4,4.11
28,24.42
32,27.65
26,25.14
5,4.52
8,9.61
14,13.43
23,20.38
6,8.24
54,49.96
13,8.91
43,34.63
15,16.37
62,68.49
5,11.3
88,89.27
19,20.25
32,29.74
23,20.95
10,8.73
15,15.66
26,26.73
11,9.27
34,33.94
36,45.39
8,7.33
70,72.12
10,5.07
25,20.58
7,11.92
21,20.84
7,3.76
17,17.84
43,38.49
9,10.52
23,29.52
20,16.45
8,7.18
12,12.64
22,19.87
26,21.31
12,15.45
18,17.39
13,16.5
6,7.55
13,13.87
8,7.13
17,13.57
4,6.38
14,14.97
15,16.03
18,17.28
36,32.16
1,4.11
36,27.65
25,22.18
69,71.68
6,4.79
37,29.58
30,28.06
5,7.56
4,4.46
7,8.55
4,4.14
6,8.38
6,7.72
4,6.24
7,6.85
12,11.36
88,88.35
8,11.19
9,11.69
7,4.66
9,8.98
8,9.68
7,6.95
57,58.43
32,33.58
39,39.69
7,7.62
6,11.19
6,7.36
5,5.96
12,18.94
9,8.19
11,11.04
11,8.34
13,12.92
66,61.9
21,13.48
11,10.69
5,7.07
9,9.93
83,80.19
30,28.22
24,21.6
11,8.87
14,13.44
10,12.17
3,1.55
41,42.99
19,24.1
26,25.67
24,24.31
25,26.84
25,30.9
5,7.29
84,75.39
7,6.21
49,47.92
3,4.8
17,14.73
19,28.42
17,16.77
6,7.89
30,27.36
20,23.52
7,14.46
7,10.19
8,12.18
33,46.84
13,15.48
11,10.45
23,21.2
16,18.13
7,10.49
10,10.18
3,4.67
48,44.97
12,11.03
69,63.5
7,7.95
5,4.88
9,9.18
4,8.38
9,11.67
14,12.37
4,6.57
28,31.6
7,5.74
12,12.36
5,5.15
12,11.19
20,16.3
14,16.43
13,12.98
14,15.26
3,2.2
2,4.69
26,25.12
79,90.88
5,5.63
10,5.56
90,96.14
3,3.69
18,16.13
49,45.03
21,15.91
6,5.4
21,27.92
9,6.41
5,7.57
19,20.16
7,8.43
64,56.81
19,16.07
11,7.09
6,10.21
61,52.39
14,16.99
74,73.68
8,7.45
12,16.61
18,17.2
4,2.61
30,29.8
13,13.87
52,54.53
34,36.66
43,42.26
38,22.75
25,25.11
76,76.15
5,3.35
22,21.01
90,95.27
12,10.96
20,18.02
12,11.62
8,7.09
5,6.96
68,73.84
30,30.23
7,5.58
13,11.03
35,30.76
3,4.99
14,15.17
23,26.75
6,5.0
20,21.43
40,45.76
38,35.57
17,17.47
8,9.28
41,40.73
6,8.61
7,9.1
4,4.07
60,60.59
8,11.29
10,12.28
30,33.66
9,9.33
17,14.79
12,11.92
35,32.73
10,10.81
21,20.48
5,4.1
9,9.04
17,18.6
14,7.28
16,16.27
17,20.42
3,6.03
6,9.92
13,8.81
19,19.63
25,18.94
17,13.99
13,17.21
15,14.84
9,10.35
49,54.56
21,18.54
30,35.97
8,11.29
9,9.88
21,16.04
24,23.75
12,16.19
14,13.75
12,8.77
13,16.93
24,21.59
7,7.42
8,8.85
16,18.9
10,10.57
33,36.95
22,17.89
11,14.81
46,35.13
6,4.83
6,7.65
36,32.4
9,5.53
23,23.09
8,5.35
13,11.61
21,25.15
30,28.31
14,15.5
8,7.77
26,26.46
21,17.11
20,17.3
7,2.99
34,35.16
21,22.86
40,40.93
28,25.78
133,84.79
6,9.08
35,39.94
7,5.1
4,5.83
74,77.06
8,5.73
64,63.07
11,13.58
55,51.71
70,72.29
11,13.07
64,71.67
15,20.25
12,16.18
15,10.94
8,7.48
18,17.22
10,10.98
7,5.65
34,35.76
28,26.64
25,23.36
5,4.22
43,42.8
12,13.5
4,2.04
17,20.73
19,16.04
9,6.79
27,25.18
10,7.74
4,2.86
7,8.94
4,3.97
9,7.26
6,8.25
7,11.83
51,59.08
17,15.8
15,12.63
14,11.41
14,13.66
4,6.09
17,14.22
38,36.28
10,9.97
9,12.19
11,10.18
8,7.04
22,26.42
11,12.9
6,9.24
26,22.0
25,25.12
53,50.85
86,87.56
11,5.46
1,6.16
39,38.29
23,25.07
18,19.26
5,4.7
5,3.98
5,7.73
18,18.72
60,62.79
9,10.1
2,5.74
14,13.82
15,11.0
87,85.81
20,17.52
15,15.06
5,6.09
23,21.86
33,41.37
13,12.04
4,4.83
17,16.18
12,10.02
24,22.64
80,83.73
2,5.66
16,17.1
6,5.64
10,14.64
9,9.31
32,31.49
47,51.07
25,30.67
12,11.29
95,84.88
5,4.83
37,35.56
12,16.69
11,11.18
41,41.41
52,41.68
63,54.37
17,23.05
34,44.93
3,5.03
22,17.08
21,20.33
12,14.88
12,6.72
10,12.32
27,24.22
4,4.16
39,42.47
7,9.36
12,13.74
24,24.21
8,7.39
41,36.05
15,13.88
13,10.58
11,11.43
10,8.43
4,4.94
18,12.81
32,27.53
18,22.83
8,7.26
4,5.1
41,38.52
13,12.74
17,17.53
9,8.23
16,16.11
34,30.67
16,12.39
71,71.95
7,12.05
8,17.15
9,12.7
21,21.59
6,4.42
27,32.21
4,3.74
5,5.56
6,7.9
9,10.98
57,40.92
10,14.35
31,26.1
48,40.09
7,10.11
6,7.05
24,30.88
17,13.31
9,11.79
16,17.41
10,11.29
5,4.78
10,9.13
5,8.01
14,17.71
6,9.65
13,13.72
8,6.49
7,7.18
21,26.34
5,3.46
19,20.08
9,7.99
5,10.73
20,16.9
54,26.89
25,23.7
2,4.08
55,49.05
17,19.58
15,8.97
32,34.93
3,5.81
28,30.53
8,8.03
14,15.56
15,11.56
12,10.26
12,15.12
27,22.02
17,13.0
19,18.42
17,16.57
3,4.59
7,7.03
8,11.51
53,57.06
9,9.4
52,55.93
16,15.49
5,4.17
12,10.35
36,29.3
4,5.7
3,4.49
14,13.57
16,14.48
49,44.93
9,6.85
89,98.96
3,6.53
8,10.91
18,17.54
21,25.94
15,15.4
36,35.0
33,34.28
14,12.88
27,24.02
56,57.23
53,56.01
8,9.22
13,13.99
57,50.67
38,44.13
11,10.18
9,13.46
6,7.61
19,20.69
11,12.5
4,5.44
18,19.58
18,14.65
23,18.27
42,41.49
6,7.15
9,11.55
10,11.59
10,9.82
11,12.92
6,3.97
35,36.6
12,10.62
15,22.03
42,35.95
10,7.5
7,8.38
6,5.1
17,16.53
66,74.46
27,28.72
16,15.76
5,7.46
13,11.27
30,29.46
13,11.73
16,12.23
25,27.62
34,30.38
22,19.74
4,2.5
30,32.82
36,35.21
10,8.49
5,6.11
11,10.91
5,6.05
17,21.36
23,15.95
7,6.1
12,25.51
11,5.65
9,11.17
35,38.5
39,50.8
8,8.0
8,3.49
22,18.62
44,42.24
8,9.91
37,39.59
23,22.86
47,46.48
28,31.77
63,60.59
6,9.19
6,9.32
42,41.36
9,10.64
11,8.24
55,59.66
7,8.8
52,59.87
13,15.41
15,16.52
9,8.63
12,13.29
11,12.42
17,17.85
38,35.95
15,13.37
9,7.43
4,4.67
16,21.75
5,7.23
9,13.8
30,31.07
16,18.22
14,14.2
19,19.28
7,4.51
2,4.18
103,50.56
20,20.41
3,4.94
14,15.57
12,8.34
19,16.89
88,90.96
37,38.79
18,22.24
28,24.88
11,12.99
14,10.18
9,8.1
17,18.97
33,31.95
7,7.82
61,52.55
5,8.03
90,82.45
12,11.34
8,7.16
21,20.68
31,31.37
27,28.26
32,26.48
5,7.78
34,33.49
14,12.97
7,8.54
65,62.53
30,39.26
9,18.6
10,13.79
32,36.4
3,5.21
6,6.97
26,36.95
8,11.88
9,11.61
43,40.84
11,9.84
7,5.28
77,79.25
17,15.28
20,25.35
6,6.32
8,9.16
7,10.72
15,19.11
13,15.0
21,17.08
56,63.02
72,76.57
44,48.84
17,18.98
4,3.08
34,30.18
9,9.95
65,60.33
40,41.16
9,11.66
7,7.06
18,16.56
2,3.31
56,68.88
11,11.97
76,81.07
19,21.09
6,2.63
40,33.47
23,22.5
8,7.43
9,7.31
9,7.12
19,16.92
23,18.8
3,5.16
56,50.56
12,16.77
4,6.67
9,13.3
19,20.06
3,8.56
6,6.49
20,24.95
28,24.57
29,25.55
24,17.88
44,46.83
16,16.51
5,7.03
19,15.64
21,20.89
17,13.98
5,6.07
30,29.47
12,12.38
64,61.13
21,16.3
7,6.42
7,9.23
8,8.5
43,52.03
56,55.04
41,50.18
11,10.02
42,37.62
5,4.1
32,25.81
41,45.72
6,7.16
6,6.95
12,7.49
9,5.78
12,8.13
5,8.62
33,31.07
8,5.47
43,37.22
6,3.95
11,10.15
8,9.54
31,34.0
8,12.14
6,10.24
4,8.66
10,10.33
15,13.93
13,9.96
10,6.75
8,8.45
8,7.67
7,7.61
36,38.46
76,66.36
13,11.81
2,4.17
12,10.62
2,4.52
22,22.88
84,91.76
4,3.38
10,11.34
10,15.12
16,26.25
5,5.76
11,10.62
17,12.49
99,91.46
25,21.59
16,18.29
10,9.11
5,10.53
9,10.05
10,15.0
19,13.53
12,12.5
10,6.96
34,29.88
7,7.96
51,53.2
30,28.81
42,47.24
13,11.32
8,10.96
15,21.51
17,15.29
9,12.97
21,14.47
22,25.14
50,55.73
13,13.56
6,4.47
2,4.68
6,7.49
7,9.16
5,5.22
5,4.82
4,3.26
34,32.39
5,5.64
26,19.61
19,15.91
13,13.31
19,20.33
3,6.45
15,12.39
28,30.02
82,79.35
30,33.75
43,54.1
13,13.93
21,19.93
17,21.76
39,34.82
2,4.64
35,29.33
52,46.75
6,4.92
18,18.07
2,3.01
24,19.88
18,7.0
16,17.99
22,24.05
38,43.35
27,27.65
3,7.42
82,84.22
53,48.47
68,74.32
7,9.19
19,17.18
8,6.91
14,12.76
30,28.23
13,13.12
10,6.46
18,15.5
11,10.16
11,10.93
57,58.32
58,63.52
13,15.37
20,18.03
38,45.81
10,10.81
33,30.46
12,22.29
19,22.18
15,17.04
37,33.0
4,7.3
13,15.85
8,6.96
12,12.21
36,27.1
17,11.95
5,7.23
6,5.34
36,47.38
9,9.95
91,98.24
32,34.92
59,59.8
13,9.82
8,15.55
20,18.21
9,9.62
56,54.66
7,7.47
12,13.46
32,30.69
17,18.4
50,39.62
11,11.02
5,5.1
13,11.36
4,4.23
8,8.0
25,35.23
75,69.92
3,2.57
18,15.57
2,4.04
21,20.74
19,17.03
10,11.57
65,58.89
9,6.29
23,28.71
3,5.09
29,31.29
31,30.39
24,33.7
12,11.99
21,19.63
66,67.62
49,56.53
11,9.57
12,14.25
7,9.96
5,7.07
10,10.2
7,7.32
13,11.35
5,3.65
33,14.95
8,7.4
6,6.27
10,7.37
15,12.91
20,16.68
9,12.14
5,8.27
15,16.6
77,77.62
5,6.59
68,72.93
14,18.0
13,6.43
11,11.05
12,14.68
24,22.89
15,14.21
26,25.42
5,4.28
8,7.24
7,11.06
3,7.38
25,26.22
8,14.33
9,10.59
22,24.49
16,17.57
4,5.52
66,69.32
7,10.71
71,69.47
17,20.88
16,16.72
19,28.11
25,32.75
14,12.57
35,38.06
18,14.97
21,15.07
18,20.37
17,12.65
65,53.69
9,13.13
31,40.44
18,16.03
9,9.0
15,13.7
16,12.36
14,8.96
37,34.65
44,36.37
31,31.75
76,84.25
10,11.32
97,93.32
53,52.59
15,16.53
5,5.83
12,15.0
93,89.14
36,26.06
7,7.97
15,17.97
4,7.58
3,3.36
5,4.24
45,39.01
25,25.18
17,14.43
24,21.53
20,20.07
17,17.7
49,50.81
8,10.09
4,7.25
10,7.59
23,16.81
8,6.01
78,76.13
6,6.18
15,11.58
35,27.97
39,40.63
3,4.61
10,8.2
29,25.87
13,12.09
9,7.69
3,3.03
7,6.57
15,21.34
2,3.85
18,15.05
12,15.69
17,19.38
13,9.04
11,7.98
17,13.66
33,26.15
31,29.85
2,5.34
40,37.17
11,7.26
16,12.3
4,4.54
12,15.02
17,15.87
7,6.91
9,12.54
9,7.92
5,5.05
9,4.76
32,31.48
73,76.59
29,28.27
8,8.45
9,14.04
7,5.29
6,7.23
12,10.08
10,7.48
26,33.5
6,6.65
19,18.4
10,19.41
14,10.16
13,14.01
12,16.91
17,16.67
9,9.37
2,7.68
76,76.36
4,5.34
70,59.77
19,17.75
9,9.93
16,15.27
3,4.27
57,58.46
7,6.62
8,6.39
16,17.73
73,64.7
25,25.01
13,8.58
13,10.77
45,46.89
55,61.29
64,61.91
38,40.09
8,8.39
30,39.94
15,13.64
19,20.24
15,13.96
13,16.17
1,3.83
13,10.97
81,78.51
18,17.09
8,9.18
57,54.22
11,13.08
12,11.35
14,15.63
21,27.28
35,31.53
18,18.89
19,21.74
20,14.85
13,12.68
9,5.65
12,14.21
13,17.73
20,19.46
46,48.05
50,55.6
5,4.21
11,11.78
5,5.35
5,3.76
8,12.26
7,4.86
23,19.95
16,14.6
42,35.17
3,7.28
19,15.7
43,39.53
62,61.45
21,21.65
14,9.48
8,5.89
4,4.38
9,6.42
37,37.45
18,14.62
7,9.17
10,11.66
77,74.61
6,6.36
18,13.75
43,47.13
52,44.24
17,11.82
28,21.16
14,10.62
41,42.39
14,10.85
15,16.79
11,11.47
28,31.95
68,65.96
8,9.4
4,6.34
18,18.84
45,68.82
17,14.76
6,4.19
7,7.67
31,32.69
7,6.79
39,42.86
38,36.85
25,25.25
6,9.13
26,23.84
40,40.71
23,14.45
6,7.85
14,15.32
8,9.11
114,115.61
13,9.16
62,58.44
17,31.6
36,37.33
16,11.21
1,3.15
82,78.57
15,14.2
9,12.39
29,30.48
58,49.93
20,21.51
4,6.43
31,36.23
24,22.84
15,13.91
10,10.24
18,20.01
9,12.82
2,3.57
9,6.23
11,8.54
9,12.43
13,12.56
2,2.44
8,5.79
14,16.82
6,4.13
40,35.69
36,38.06
14,12.37
24,18.51
17,39.36
6,6.71
6,4.17
11,11.63
10,7.5
39,35.49
19,20.82
48,44.58
15,11.56
114,115.99
9,6.88
26,35.37
22,16.89
18,14.59
3,5.6
4,7.42
9,6.89
9,8.05
44,45.18
4,5.61
36,38.05
30,29.2
9,11.52
12,8.56
14,10.69
19,18.21
18,19.27
2,5.36
14,26.65
5,5.94
4,4.77
3,3.95
9,11.01
28,36.12
42,40.49
15,14.41
8,6.78
24,23.23
7,3.64
42,45.18
13,15.19
8,9.01
46,43.68
6,6.24
5,6.99
8,11.14
40,31.23
12,13.04
17,12.28
20,17.81
62,60.81
17,16.76
42,39.33
8,6.67
9,10.93
11,9.94
8,10.08
8,9.33
27,27.44
11,7.32
12,9.07
9,12.49
17,14.17
12,12.62
25,22.18
22,23.55
10,9.51
15,15.25
53,50.76
6,5.13
42,54.81
6,7.28
16,13.11
12,14.8
67,62.78
10,13.67
23,19.63
22,26.74
12,13.06
46,48.75
36,43.68
4,6.62
25,24.99
52,59.17
56,56.52
11,13.71
12,6.92
5,3.17
23,22.14
43,47.16
9,8.83
12,11.21
29,30.12
36,36.18
11,10.07
9,13.05
19,14.88
20,17.63
21,20.52
6,8.72
20,17.04
30,30.0
14,16.44
17,12.73
8,6.84
15,14.11
32,29.64
12,12.94
9,7.74
9,7.27
31,22.05
19,17.54
12,14.44
4,5.08
6,10.08
5,5.45
12,10.08
16,13.79
9,8.96
4,6.19
72,60.16
14,10.48
23,23.81
11,12.47
59,60.34
18,16.6
32,30.66
16,18.94
1,4.92
55,58.17
23,33.91
44,52.42
10,9.69
20,27.78
12,14.37
7,5.99
8,7.8
4,5.23
57,63.17
49,51.05
67,64.09
22,15.87
8,14.15
4,3.52
8,6.39
17,21.7
57,49.84
48,39.61
12,13.39
31,25.57
102,108.53
23,20.92
9,7.92
24,22.1
18,17.05
9,10.93
27,37.5
11,7.18
8,7.65
35,40.83
40,44.61
43,39.77
19,21.32
32,30.95
10,14.98
19,16.95
28,34.47
15,11.38
36,37.75
11,12.53
22,15.0
72,75.04
26,36.62
5,4.12
2,3.98
63,59.87
12,15.78
4,7.55
8,10.18
8,15.72
11,18.02
11,10.51
15,15.68
92,90.4
14,16.02
9,10.28
23,20.98
66,64.66
8,6.02
12,10.83
55,49.03
9,10.31
72,70.22
12,9.71
28,26.03
16,16.13
23,28.05
18,21.38
4,4.35
10,13.13
72,66.28
39,35.47
59,56.99
9,9.71
14,14.05
7,7.96
4,6.15
31,37.38
57,56.69
16,23.44
16,14.33
60,53.91
37,34.89
14,17.65
20,25.43
34,34.33
7,7.6
11,11.04
17,13.33
40,39.64
7,6.11
10,12.78
10,5.7
51,49.73
12,15.51
14,17.39
55,41.77
6,4.1
6,5.63
17,13.02
51,66.92
13,11.53
15,15.21
36,35.7
4,6.53
73,76.63
60,60.56
12,6.94
15,14.47
6,8.46
8,8.1
16,21.15
32,34.45
20,24.2
31,28.86
8,5.38
4,6.55
26,31.09
66,25.18
42,34.13
113,102.75
9,6.6
40,38.97
41,40.16
45,51.69
38,38.52
26,36.17
13,14.01
40,42.74
36,38.69
12,7.93
15,11.61
32,32.92
10,9.04
54,53.34
45,50.49
98,91.96
2,3.31
7,6.58
4,4.72
10,8.13
13,17.83
11,11.52
56,22.55
13,13.31
17,15.99
34,44.65
14,9.5
20,19.6
30,30.36
16,14.5
15,10.68
8,8.3
5,8.89
8,6.76
17,18.22
3,5.74
18,22.79
29,29.32
24,23.89
17,20.34
7,6.36
34,33.27
34,37.4
44,56.16
20,25.53
20,18.87
16,22.13
26,28.85
12,10.83
14,12.16
13,13.4
12,11.52
30,26.93
13,15.48
17,19.02
13,9.21
10,9.18
12,10.52
18,20.35
10,12.97
6,8.54
17,17.75
70,58.93
9,10.75
48,41.1
11,8.76
18,19.68
10,11.08
9,11.94
11,10.29
12,10.1
4,4.5
14,10.36
10,12.34
11,8.47
9,7.86
22,19.48
42,37.68
19,16.76
14,13.54
34,31.62
19,19.6
2,11.9
9,7.61
30,26.91
13,13.39
13,15.09
48,45.48
20,15.45
18,15.29
92,82.43
12,13.49
46,44.91
23,18.93
9,9.88
21,25.67
10,14.23
8,6.85
45,41.82
7,7.99
10,13.36
4,4.09
8,9.15
5,8.12
28,42.67
24,27.69
9,10.09
8,8.7
14,12.03
3,3.62
5,4.91
7,5.27
54,51.1
12,9.57
6,7.64
8,7.02
18,21.76
21,21.28
6,7.4
10,12.78
13,19.9
50,43.22
9,8.91
15,17.65
20,20.54
11,10.02
10,9.36
29,29.07
68,64.55
23,22.65
13,11.69
26,28.74
6,6.52
24,30.66
46,56.46
16,14.7
97,104.63
6,8.68
22,20.76
9,11.85
17,15.82
10,8.12
12,13.17
12,11.04
19,17.99
12,20.21
13,10.36
3,5.51
9,6.67
5,3.74
20,23.11
6,5.27
13,12.41
9,8.11
11,8.78
10,11.43
51,45.19
7,3.39
19,16.04
10,14.59
24,21.45
18,24.21
12,14.44
31,46.99
17,15.59
8,5.41
9,12.63
7,11.72
27,35.33
3,2.57
49,45.62
17,20.28
14,15.61
6,14.25
10,10.33
70,70.6
21,18.0
17,17.2
60,47.71
6,7.03
23,25.07
65,67.66
7,6.44
39,40.23
5,5.44
2,3.54
35,40.73
9,9.01
76,80.84
10,12.27
32,36.88
9,6.34
13,9.95
69,56.98
35,36.21
7,4.2
13,11.51
14,17.59
8,11.42
5,3.58
13,16.23
15,10.83
18,12.18
3,6.24
8,10.57
23,32.94
26,21.15
87,83.01
29,30.2
4,6.03
6,10.16
8,12.05
6,7.18
35,46.22
9,11.46
16,16.91
23,26.08
7,5.86
6,5.96
33,22.65
90,91.66
5,6.72
20,19.04
6,6.05
12,10.97
16,19.14
35,51.33
77,78.63
6,4.47
48,47.92
8,11.34
5,6.6
44,42.47
53,43.48
22,21.88
8,8.71
8,6.03
9,7.04
24,15.03
11,12.55
15,19.46
22,30.96
15,15.8
34,31.12
7,17.14
26,35.45
12,12.49
17,16.12
10,11.31
13,13.98
22,16.61
21,17.74
74,72.8
25,20.41
5,3.67
7,8.65
14,15.15
10,7.31
21,21.91
12,12.32
6,6.71
13,9.91
14,7.67
66,63.87
8,11.05
3,5.93
8,8.22
10,12.07
12,8.39
13,10.44
10,12.22
40,48.65
18,15.36
44,42.34
12,11.82
6,7.52
9,10.0
17,15.52
23,38.5
11,10.31
35,30.59
3,6.39
10,7.87
11,8.17
16,12.14
10,10.83
24,32.76
6,9.07
18,19.17
49,52.99
14,9.73
57,57.45
23,23.17
10,9.53
15,13.0
31,33.87
12,13.77
10,10.7
10,6.81
58,59.72
3,4.75
58,66.23
38,32.87
57,52.28
17,16.63
34,37.48
9,11.14
50,50.24
6,10.19
13,10.27
6,5.52
38,38.05
12,14.84
10,10.52
31,31.32
14,9.75
9,5.93
32,33.73
7,5.99
30,14.37
18,23.2
50,48.93
21,15.66
2,5.17
54,42.65
30,29.75
49,51.22
20,21.33
10,10.47
17,16.7
11,8.57
34,27.21
21,17.82
8,7.89
35,35.85
47,44.26
19,15.68
17,14.49
29,22.69
8,6.24
52,42.68
50,47.52
83,89.15
32,24.79
14,15.15
9,10.81
15,16.67
13,15.94
3,4.46
33,31.48
9,7.06
15,16.58
25,23.27
8,14.25
93,86.28
28,32.37
13,12.79
4,5.88
9,8.44
8,14.36
51,62.16
18,17.08
20,19.49
21,20.6
4,4.3
4,6.26
3,5.77
14,12.72
35,33.34
35,39.48
20,19.84
30,30.85
20,13.89
34,31.47
17,14.16
28,36.84
11,8.92
38,34.68
22,20.42
13,12.99
26,26.56
6,9.91
11,10.25
8,8.23
94,81.3
5,5.67
6,5.73
35,32.29
11,6.81
21,18.44
11,8.71
37,46.38
6,4.49
17,13.94
10,11.95
19,16.62
4,5.21
7,6.06
10,8.82
7,13.55
23,18.33
35,35.16
93,93.18
5,3.45
17,31.79
2,5.25
42,41.19
62,52.07
7,9.0
8,11.0
2,5.48
20,21.77
41,40.89
33,32.6
97,88.42
20,16.57
65,66.82
10,20.0
10,7.69
58,62.02
8,7.14
97,107.04
24,21.68
3,5.22
8,10.44
85,88.63
21,18.94
10,9.75
8,8.29
26,21.96
6,6.19
31,31.98
7,5.78
16,15.48
32,42.54
2,1.98
15,16.03
29,31.84
6,5.45
79,70.81
13,11.54
52,54.97
1,3.28
14,18.07
5,8.01
3,5.04
22,22.59
38,35.75
2,2.96
23,22.15
10,8.52
8,7.08
17,17.84
67,63.01
5,6.26
36,44.93
28,35.31
7,7.5
17,14.28
13,9.99
10,8.08
6,6.56
14,14.47
12,10.77
7,4.94
22,18.03
11,11.17
80,81.26
9,7.37
17,17.18
63,60.46
86,81.45
10,8.28
9,8.71
22,21.04
10,10.43
10,9.13
31,39.04
4,10.32
59,58.78
21,20.92
12,11.99
77,79.63
23,17.18
6,9.98
19,19.27
12,13.34
21,17.0
16,15.98
68,70.17
28,27.06
9,7.6
12,10.43
5,7.06
9,9.69
19,15.17
19,20.93
7,7.46
6,7.13
39,33.73
11,16.33
9,9.39
12,17.42
8,6.41
7,5.39
6,4.2
17,14.83
12,14.32
9,11.79
5,7.84
4,3.05
3,2.7
22,24.44
48,57.08
50,52.71
10,13.71
12,12.64
28,28.58
30,30.18
13,16.8
8,6.07
42,43.34
15,15.23
23,26.83
31,35.9
4,3.61
45,46.99
2,4.82
10,14.46
32,29.94
7,5.77
16,14.04
10,10.75
20,14.51
11,7.65
28,32.63
12,9.93
38,41.83
41,42.0
40,40.45
9,9.08
6,7.75
9,7.12
9,8.91
16,15.93
3,5.96
9,5.39
10,7.92
6,8.88
6,8.77
7,9.27
10,20.15
28,29.64
9,9.24
7,6.02
3,4.37
13,14.58
10,9.61
5,8.36
46,44.64
9,8.59
20,23.21
52,41.4
46,43.82
13,16.8
6,7.21
16,12.6
13,10.39
101,96.38
21,20.16
12,10.46
10,13.79
12,13.43
21,19.08
12,13.18
14,13.29
35,33.54
19,15.49
9,10.66
61,56.69
18,15.34
22,17.79
40,29.07
13,14.72
8,8.28
7,7.98
54,46.93
14,14.48
40,46.07
42,42.6
5,10.39
6,3.07
10,6.51
10,11.51
58,52.84
10,7.66
21,21.02
18,16.15
8,5.6
12,16.24
14,16.51
22,19.5
13,10.72
15,11.0
10,12.51
8,7.19
12,16.12
55,47.92
10,16.0
3,3.66
8,10.72
7,7.66
9,9.16
18,12.1
7,4.27
6,4.74
14,17.72
6,3.91
12,15.39
23,24.98
10,6.52
15,13.85
3,3.86
8,5.76
7,6.49
8,8.51
66,64.03
22,25.47
26,28.35
19,19.66
11,11.75
14,17.8
12,10.1
6,12.59
51,43.88
8,9.75
64,55.09
46,46.35
43,38.97
12,5.68
62,67.21
21,18.19
27,23.14
3,5.96
7,8.51
48,46.11
37,26.56
12,19.27
4,2.37
66,63.97
38,34.6
19,16.5
77,78.2
5,2.62
11,13.23
5,10.89
19,18.17
37,33.56
13,14.43
23,25.64
16,19.64
39,39.97
4,7.33
15,13.81
7,8.63
10,12.17
51,58.03
136,122.4
8,6.31
23,30.21
54,55.47
19,19.41
41,39.76
10,8.47
9,7.24
25,22.53
16,13.32
22,21.76
8,12.15
19,21.02
8,4.85
15,11.07
16,16.3
16,16.48
14,15.74
8,10.45
17,15.93
13,11.99
2,3.16
23,21.49
5,4.34
14,14.2
28,30.07
5,7.18
3,4.07
14,12.37
4,9.46
16,17.5
5,5.21
6,8.02
12,14.52
15,17.79
7,5.49
27,30.78
7,8.09
9,12.05
65,65.42
73,65.39
10,8.92
56,45.4
8,9.55
5,9.06
18,17.84
11,8.94
14,15.01
55,53.15
8,12.99
14,10.51
23,26.36
12,6.89
8,11.63
41,42.89
24,26.48
7,5.9
7,8.98
9,8.23
3,6.42
20,25.4
55,55.17
17,12.83
3,4.37
22,22.71
28,28.04
7,6.4
6,7.56
8,6.87
69,60.79
14,16.26
10,12.54
58,44.96
17,18.44
10,10.65
20,20.73
12,12.07
9,9.26
27,33.62
6,7.29
24,23.61
31,35.9
6,6.55
10,13.9
2,4.72
20,20.09
3,7.21
17,18.67
37,35.72
17,18.78
8,5.51
15,13.59
27,31.39
9,7.38
7,12.3
13,14.09
12,9.42
89,88.45
23,9.37
16,13.67
18,19.22
11,11.41
34,28.63
7,9.55
18,23.02
53,44.07
4,5.22
64,54.7
27,31.34
18,19.02
19,18.38
2,4.71
32,37.13
14,15.07
14,14.62
5,7.24
43,44.19
37,42.67
15,17.09
7,4.61
19,16.84
13,9.82
54,56.54
16,17.82
8,7.76
1,3.57
20,24.44
7,9.02
26,26.57
26,29.97
52,49.07
4,4.44
8,6.11
23,22.82
10,13.38
4,4.2
66,71.84
3,7.95
8,9.17
41,34.01
13,14.95
76,75.12
11,12.38
27,28.46
15,16.28
20,10.96
25,27.8
8,5.93
27,32.16
15,16.13
7,8.19
66,62.98
9,12.7
12,7.18
6,7.7
20,22.28
8,4.83
19,17.63
7,9.34
57,57.47
45,39.51
13,9.17
8,4.88
13,15.2
15,15.94
13,10.16
12,15.64
14,11.94
14,10.94
17,16.86
20,24.82
2,5.45
8,9.0
15,10.38
4,3.18
7,6.55
9,13.03
24,21.22
5,11.75
19,23.4
32,31.98
24,26.39
15,18.43
46,47.86
20,24.38
16,25.79
14,15.26
9,5.63
77,76.06
11,14.53
32,36.52
60,51.02
45,44.65
27,38.93
25,24.77
9,11.51
10,9.82
30,32.04
8,8.73
6,7.78
48,44.1
16,13.23
12,9.13
10,10.73
75,76.66
15,10.88
14,19.89
26,26.58
4,2.55
25,26.35
34,39.9
23,18.67
6,7.05
27,24.43
15,13.72
23,19.74
11,10.74
6,6.2
48,45.09
7,8.48
15,16.07
9,7.56
7,11.15
56,58.69
20,15.22
19,23.63
11,9.57
11,10.92
16,12.37
59,62.35
5,5.43
18,19.62
84,95.35
3,7.9
12,14.7
18,16.09
63,61.93
14,19.45
18,17.07
65,60.29
3,7.4
17,20.97
21,22.9
21,30.26
18,16.07
6,3.68
8,8.29
43,42.67
3,6.7
26,17.23
22,19.15
11,11.42
4,6.81
19,19.22
3,6.45
7,8.35
26,22.82
45,47.01
28,30.05
87,83.17
41,41.73
41,41.05
8,6.27
11,12.13
4,7.18
43,46.66
24,21.44
22,20.6
9,7.41
10,6.63
14,17.24
7,7.91
50,54.57
20,15.01
74,73.96
133,116.13
55,56.01
15,17.69
7,9.7
71,58.82
7,9.76
6,9.41
12,11.29
41,46.26
9,11.62
10,9.21
5,3.26
15,20.42
6,6.51
12,19.76
13,11.76
11,11.27
20,20.34
23,20.53
16,13.68
27,26.47
43,42.9
23,30.56
11,9.43
2,5.17
11,11.63
24,24.37
16,17.68
18,20.46
37,39.96
16,17.76
8,12.36
67,61.49
27,32.78
10,9.64
9,7.66
4,4.78
16,17.1
84,82.99
30,29.86
19,19.55
8,6.67
9,11.67
10,11.19
52,48.85
14,11.78
27,26.44
9,7.36
22,29.29
7,8.91
6,5.01
49,53.45
6,8.68
17,10.48
18,20.38
13,14.15
13,10.8
14,19.19
30,22.9
5,6.75
25,27.15
41,37.5
12,16.64
8,4.43
9,6.4
11,11.06
10,8.72
31,23.04
21,18.21
8,7.08
11,9.8
22,21.97
57,61.49
82,84.74
26,33.15
36,36.2
12,9.22
11,11.36
22,18.74
11,12.27
9,9.17
32,34.8
6,6.36
5,2.94
9,8.03
53,50.99
3,6.16
5,3.42
21,16.54
16,12.39
5,5.99
18,17.47
8,8.95
29,27.74
10,11.0
14,11.77
19,21.83
33,32.23
16,23.68
98,92.33
29,25.41
30,30.06
15,14.14
21,26.66
49,50.4
65,64.39
29,29.99
28,25.71
20,22.17
20,18.01
7,7.4
17,15.8
17,17.98
11,16.55
14,11.06
6,2.97
22,19.59
8,11.34
15,16.97
19,27.12
17,18.97
27,28.18
24,25.08
12,14.1
14,15.87
21,21.91
5,7.11
20,26.47
27,26.31
17,15.27
13,13.5
25,27.63
11,10.61
12,13.48
36,29.97
62,57.93
10,5.93
5,4.16
14,14.12
7,11.02
70,76.17
36,48.76
12,17.82
8,11.62
18,20.35
9,10.78
8,12.85
10,11.15
53,56.36
55,57.35
12,9.88
15,15.46
8,7.18
24,21.48
10,6.03
29,31.5
8,14.6
39,41.88
8,11.09
76,59.1
44,43.29
33,34.59
28,30.86
10,11.66
9,9.22
16,17.52
35,36.16
15,18.17
13,12.2
7,11.52
33,32.21
3,5.51
8,11.23
31,35.29
63,60.96
16,14.9
8,5.64
121,63.62
47,49.84
15,12.26
8,5.69
28,31.16
54,53.19
51,54.43
37,40.8
45,35.29
10,10.72
38,36.19
13,10.3
4,4.92
12,13.83
28,29.53
32,29.99
51,52.17
26,21.57
35,35.42
16,21.47
23,22.9
11,9.24
8,6.56
28,31.5
22,29.22
7,5.01
61,59.71
8,6.56
64,31.65
12,9.66
20,18.84
7,7.84
20,16.75
25,23.19
14,14.92
7,6.52
17,15.98
9,15.08
5,2.46
36,36.98
8,7.98
14,11.82
7,7.34
5,5.39
8,7.83
32,38.68
13,10.07
46,49.65
24,25.24
13,14.29
37,36.44
14,14.28
8,8.33
26,25.48
18,22.15
59,50.94
28,24.69
11,13.48
8,10.86
16,17.34
30,17.02
12,14.73
26,21.97
10,11.02
7,7.38
87,88.74
10,9.94
12,9.63
34,34.69
8,10.67
8,13.26
102,101.29
19,21.6
24,21.71
64,72.65
17,18.81
5,8.29
2,3.32
25,22.66
12,12.85
14,15.96
68,69.0
16,18.58
11,19.31
60,64.62
10,8.52
10,11.54
14,14.03
5,9.07
7,5.88
10,12.72
5,3.14
27,21.93
49,45.07
32,28.49
22,19.48
35,36.22
74,71.66
18,17.61
43,49.17
27,34.13
11,13.33
48,43.15
11,12.41
7,11.62
17,16.24
36,36.57
56,49.19
19,26.38
19,18.08
47,43.02
16,12.02
14,12.75
43,37.63
45,46.11
9,11.12
14,13.43
12,11.53
31,34.58
8,13.78
27,23.05
21,18.92
10,7.23
22,17.23
10,10.17
15,15.54
10,10.96
2,5.37
9,9.48
6,5.31
5,3.26
27,32.25
84,87.75
21,24.2
17,17.91
30,26.13
25,21.45
13,14.9
6,7.09
27,27.48
6,9.79
18,18.02
23,24.21
84,94.98
12,10.37
22,23.48
18,14.96
7,9.78
9,5.28
18,16.27
11,12.8
20,22.55
55,52.83
33,37.59
21,38.11
37,47.71
29,31.45
27,20.64
6,5.66
7,12.52
9,9.05
16,24.49
32,31.03
6,7.13
14,12.28
37,33.25
19,21.0
7,7.71
10,7.74
2,2.18
28,29.18
4,4.24
12,12.26
35,33.9
24,21.83
32,37.86
8,6.43
104,109.16
41,39.61
9,9.14
12,11.24
38,38.35
8,10.07
10,8.17
12,21.96
82,75.41
21,13.65
10,10.23
8,11.91
25,16.99
21,25.24
20,23.25
7,6.67
14,9.22
2,3.37
3,7.73
16,20.39
16,17.79
10,10.79
40,40.47
5,2.39
6,6.96
20,13.98
8,11.25
11,9.87
8,11.29
11,8.3
35,36.53
41,41.32
10,7.37
16,28.24
16,19.44
13,13.7
10,9.39
2,4.85
23,24.79
6,5.34
9,9.29
10,7.08
5,4.17
46,40.79
24,27.75
17,15.09
82,82.04
17,22.86
6,5.77
11,11.55
79,80.7
19,16.32
11,14.4
11,12.47
31,26.09
6,5.54
60,57.44
25,26.81
21,18.46
24,31.02
20,17.01
14,17.7
11,16.52
5,7.54
52,51.29
31,32.13
70,73.43
47,39.89
18,18.53
11,12.2
23,25.22
84,77.52
42,33.37
2,4.17
8,5.33
15,11.35
14,14.1
20,17.46
7,8.32
26,22.5
72,80.11
10,7.94
7,7.65
3,3.06
55,52.57
9,15.63
93,90.0
8,7.89
53,53.95
17,15.52
17,18.43
16,17.17
6,9.1
22,20.33
74,80.13
8,7.35
59,55.59
6,8.53
5,4.0
14,13.9
23,20.5
7,6.22
20,18.33
93,79.28
17,16.23
32,31.35
16,20.12
9,7.53
20,18.14
6,8.29
69,65.73
62,51.25
9,9.3
6,8.21
11,10.58
7,7.11
39,48.5
33,35.64
9,9.59
11,17.53
42,41.05
30,39.34
53,59.39
7,9.25
9,10.7
23,34.22
7,5.86
13,14.14
64,60.35
8,7.3
13,12.87
35,27.53
22,17.68
5,5.48
36,33.19
9,10.43
17,12.19
43,43.64
8,6.28
12,13.02
21,20.72
14,13.5
16,16.76
24,24.92
11,18.96
18,15.24
36,49.6
11,13.64
8,13.9
56,62.81
21,15.63
7,9.94
26,21.83
12,11.22
10,17.24
35,34.56
19,16.78
12,9.67
38,34.37
12,16.26
64,65.89
24,22.76
12,14.3
7,9.7
6,4.15
8,7.67
5,4.48
6,7.09
18,21.15
18,13.59
14,12.55
10,9.81
29,33.4
20,14.57
46,41.17
7,9.91
23,20.15
8,9.52
5,17.65
19,20.4
15,19.8
9,12.1
11,13.92
38,34.79
8,8.15
2,4.23
13,10.65
33,36.4
19,18.15
5,5.49
19,22.67
27,20.13
4,8.14
19,18.35
27,26.32
18,19.05
9,9.71
65,62.08
3,6.7
19,22.18
11,9.56
5,4.62
57,55.85
16,18.79
16,16.34
7,7.48
37,27.86
11,15.16
13,15.72
10,12.41
6,6.53
21,16.45
49,47.71
6,8.73
9,6.67
75,64.71
25,25.28
91,86.1
6,8.12
7,5.61
28,25.6
8,8.08
18,20.48
39,35.56
24,25.14
87,86.42
11,9.79
46,55.12
41,45.45
22,17.49
34,28.31
18,13.57
5,9.95
15,13.66
34,28.86
74,67.98
3,3.34
14,14.33
16,17.49
13,9.57
21,22.7
36,38.24
6,4.64
4,6.7
15,22.64
12,9.53
16,13.25
17,15.1
13,11.34
82,80.56
10,15.58
11,9.02
12,9.15
116,105.95
16,12.68
67,49.63
10,9.25
9,9.48
25,23.3
7,7.56
21,23.55
15,20.22
7,7.8
13,11.95
15,13.61
3,5.59
15,13.84
8,9.45
6,6.74
11,10.96
8,6.33
10,8.81
9,9.88
49,51.44
7,8.58
45,41.52
39,40.56
9,10.0
5,9.06
24,25.94
9,10.45
61,57.51
23,20.41
52,52.21
40,41.35
11,12.97
14,14.25
56,55.24
20,22.19
3,3.8
17,20.36
19,18.12
6,5.19
23,20.78
5,7.79
54,42.92
9,10.65
11,8.38
24,26.29
5,10.06
8,11.03
4,3.37
12,16.98
9,6.46
11,7.42
17,14.84
4,10.24
60,65.84
5,7.21
81,68.88
12,10.1
4,6.14
15,14.87
30,21.59
10,13.24
23,18.41
9,15.76
7,8.57
18,16.46
18,12.24
2,2.76
13,20.31
36,33.32
64,60.04
9,10.14
41,33.44
40,44.2
20,15.88
34,22.44
39,38.95
27,21.94
19,21.61
21,22.31
8,6.6
5,6.49
15,11.65
95,97.21
14,13.76
5,5.68
39,36.78
12,10.26
42,42.78
15,15.32
27,32.57
14,16.22
4,6.31
52,46.96
5,7.16
6,10.25
13,10.18
35,48.08
19,18.15
78,75.45
37,19.23
37,28.97
9,8.36
7,5.74
19,20.0
9,9.75
10,12.09
14,10.34
28,27.86
116,111.34
9,7.11
12,11.69
14,14.04
21,23.11
4,5.99
51,40.56
6,4.86
11,10.8
14,15.4
9,8.93
19,23.34
8,10.3
11,10.66
9,9.41
12,10.73
18,15.61
13,9.36
9,7.84
19,26.16
30,27.93
43,44.39
5,3.36
18,18.26
12,13.06
8,8.3
52,42.48
62,62.18
22,15.93
13,13.65
7,10.44
13,12.79
14,10.27
29,28.55
10,6.89
15,12.07
6,6.22
18,17.21
26,24.83
18,20.75
17,14.25
48,52.06
7,10.01
11,9.6
37,39.87
6,15.33
10,8.35
9,8.96
93,84.91
11,9.64
15,12.56
26,28.79
14,14.19
1,3.61
8,7.35
6,3.69
8,7.62
35,35.43
2,4.63
28,31.53
50,50.95
8,6.3
23,24.19
22,20.76
11,11.1
57,59.27
21,18.18
24,24.45
29,32.01
11,12.91
51,57.68
7,7.38
12,9.11
13,10.12
25,28.72
13,11.28
50,59.19
77,75.96
24,22.76
10,12.65
30,39.55
22,24.64
4,3.38
5,5.08
30,24.5
31,32.34
11,9.74
20,16.17
3,4.67
9,13.35
7,10.99
14,14.11
16,17.79
36,35.9
61,64.48
20,17.5
9,11.4
11,7.26
14,15.93
18,17.34
12,15.72
7,5.85
17,22.6
21,32.38
52,44.06
42,40.2
3,5.99
15,11.88
59,42.58
16,23.11
3,5.93
13,11.54
16,17.5
7,9.58
43,59.01
37,39.41
8,8.54
11,6.98
34,35.45
6,7.94
15,14.53
6,5.34
12,7.3
11,9.68
8,10.13
6,4.64
16,16.46
15,18.72
22,17.71
25,26.3
6,10.06
19,14.11
13,15.51
15,9.19
47,57.41
16,20.9
50,57.73
83,82.72
32,25.88
7,7.52
90,96.28
50,58.2
5,7.96
10,10.76
5,3.4
42,42.78
25,17.26
18,19.74
9,8.46
32,34.2
40,33.85
6,6.88
4,3.68
30,44.0
19,14.21
2,4.12
32,32.27
20,24.8
96,96.67
10,10.06
16,10.78
7,7.28
12,9.83
11,12.1
32,29.06
16,15.38
9,11.67
23,19.4
21,28.13
33,31.82
4,6.01
69,66.83
9,10.21
43,42.08
41,41.76
5,5.52
11,15.12
66,35.52
4,5.63
75,70.03
35,27.1
16,15.54
4,7.82
7,7.54
12,9.95
37,24.87
2,3.37
43,48.49
13,13.29
52,53.58
3,4.2
20,35.71
10,9.41
18,13.25
33,27.41
5,5.26
48,54.21
11,10.04
10,10.5
8,7.77
6,5.38
22,25.37
6,4.17
5,7.76
13,14.88
5,6.3
27,26.17
6,5.54
18,14.14
7,10.44
21,24.67
10,11.14
10,8.59
4,4.13
13,16.36
88,78.01
62,59.4
7,7.87
9,7.57
15,16.67
6,8.71
4,5.87
75,73.11
38,38.23
8,5.74
15,15.98
39,36.07
10,7.7
52,60.09
15,10.74
31,21.89
31,30.13
42,46.1
24,19.78
38,39.02
4,2.51
16,18.54
8,7.79
16,17.92
13,8.99
21,21.64
16,16.11
79,75.05
87,80.59
19,19.6
10,8.88
87,81.34
8,7.14
38,32.36
14,11.74
33,35.05
33,30.2
6,4.58
50,42.65
28,28.83
19,17.99
14,8.82
15,15.39
6,8.06
11,10.56
8,7.69
8,10.68
19,19.92
14,13.17
38,30.63
16,15.15
16,17.29
32,38.97
50,47.82
44,38.12
5,4.98
69,74.36
13,12.64
16,15.99
10,7.64
2,2.05
31,27.72
8,7.46
47,25.43
13,15.49
9,11.65
7,7.28
8,9.2
22,24.2
15,16.87
14,13.35
19,17.62
5,5.46
9,9.02
89,85.71
16,13.55
14,13.88
17,17.38
20,20.01
29,22.15
19,14.67
31,24.05
6,7.97
26,26.08
7,10.31
8,6.01
10,10.16
5,8.77
13,20.87
9,13.89
12,9.33
11,11.39
12,11.31
23,20.72
55,39.04
16,14.62
6,3.58
53,48.7
24,28.04
10,7.03
15,15.91
20,26.89
11,10.88
6,8.1
14,13.29
20,26.91
6,7.87
8,12.17
23,37.11
21,13.47
10,8.15
4,6.51
16,19.78
5,4.77
78,76.05
8,5.65
8,7.08
27,30.18
23,20.27
5,4.95
5,2.55
86,70.01
17,17.24
10,12.5
14,18.24
13,12.46
18,15.52
27,23.4
32,43.52
41,37.7
7,6.72
18,16.64
34,32.52
27,32.52
7,6.98
9,13.59
7,6.59
31,28.96
10,8.29
31,32.8
45,41.94
3,4.05
2,5.85
28,29.42
9,16.21
17,18.12
52,52.15
14,17.53
17,17.15
5,6.15
16,18.53
13,10.0
14,12.87
21,23.79
32,32.35
10,10.04
54,54.79
10,13.33
74,72.2
37,39.87
14,19.13
17,15.32
30,27.38
38,40.04
16,22.99
5,6.88
7,10.59
19,17.36
41,46.11
15,20.46
15,20.73
34,33.11
84,91.51
57,57.55
7,7.66
10,7.67
13,10.94
15,15.48
15,17.27
12,11.08
11,10.75
12,11.16
27,27.07
16,14.58
21,22.4
13,19.05
5,14.46
23,21.06
29,28.69
10,17.75
8,10.39
4,5.64
11,10.22
8,7.83
21,28.18
11,16.86
17,16.42
17,13.95
38,36.88
69,62.26
13,29.72
21,24.69
57,53.97
92,93.45
5,7.68
35,34.49
10,8.29
20,14.91
35,34.36
30,29.84
41,35.6
6,6.17
31,34.7
24,24.72
16,11.78
5,8.99
20,15.8
7,8.81
18,14.24
26,21.19
52,54.19
12,9.02
8,8.22
40,47.74
11,9.31
31,21.91
13,10.17
67,63.17
6,4.72
72,70.02
19,22.28
10,9.51
39,39.76
7,12.79
6,9.63
19,18.44
11,8.34
89,85.0
5,5.4
32,29.53
78,75.91
6,4.67
13,13.43
6,4.7
13,13.23
3,2.53
7,5.46
26,25.74
64,68.52
3,4.85
78,76.75
29,29.57
11,9.43
14,9.33
24,19.94
1,3.46
7,6.58
5,8.89
95,95.81
3,3.58
19,18.2
4,2.59
4,5.78
59,61.92
10,12.63
2,6.97
22,23.0
41,36.92
2,4.67
40,39.63
21,24.06
12,11.74
15,18.91
9,10.36
53,49.89
10,7.92
33,31.81
28,28.78
76,78.25
6,9.03
5,3.55
40,42.53
19,17.12
35,31.62
6,7.16
51,38.93
35,33.31
6,4.91
49,41.88
3,7.36
5,6.61
46,44.17
6,7.66
43,38.84
7,7.13
8,7.93
11,7.56
29,32.5
7,9.83
6,5.58
4,3.56
10,8.97
6,8.97
22,20.86
24,22.68
4,5.01
12,11.2
19,18.97
19,18.99
8,8.41
24,25.47
40,43.71
23,21.06
36,38.13
15,15.92
44,39.57
7,7.83
45,49.63
13,16.75
29,22.11
7,4.84
14,11.97
7,8.68
3,4.12
60,55.89
8,8.48
19,20.92
2,3.41
33,33.15
12,14.11
19,21.05
98,97.06
18,21.45
11,14.06
9,8.46
53,46.84
4,6.12
16,14.97
55,63.76
10,12.54
3,4.6
34,31.82
65,62.78
21,20.91
8,7.8
82,79.4
6,4.91
10,10.23
7,8.15
14,16.73
55,49.57
20,21.15
12,7.67
40,42.75
11,18.19
59,61.68
8,9.96
74,65.63
7,4.84
30,29.15
37,32.35
33,33.92
37,31.24
5,6.26
85,81.74
10,13.17
9,7.6
10,15.23
11,8.22
6,5.54
14,14.82
36,29.52
24,25.62
47,49.14
7,6.41
34,47.82
11,8.8
28,22.59
6,6.5
33,29.69
11,12.73
35,33.46
4,4.15
55,56.51
98,97.2
75,67.82
11,7.02
38,39.67
12,13.12
15,16.08
19,18.22
7,7.36
33,28.82
4,4.65
10,6.34
9,8.89
89,85.35
7,7.34
14,17.41
8,4.82
34,33.91
8,7.37
29,32.62
6,6.32
23,25.3
25,23.16
42,39.38
10,7.03
16,17.74
11,7.17
54,55.08
40,37.58
10,7.95
7,6.41
6,5.59
9,11.31
16,6.11
8,8.13
28,32.48
9,8.37
4,5.63
20,19.89
6,5.25
18,14.75
15,15.76
8,8.82
17,15.26
17,18.6
14,12.87
5,9.11
23,19.39
33,32.55
76,34.74
24,18.35
17,20.75
19,13.74
6,5.78
30,31.84
20,18.59
36,42.22
12,21.78
55,57.7
10,8.84
17,18.43
16,14.85
15,15.2
15,11.31
24,25.97
34,34.29
19,16.52
51,55.89
83,84.4
7,8.12
13,16.88
33,28.78
17,14.93
15,17.25
27,32.0
11,15.75
6,12.0
10,11.04
30,26.54
9,11.88
40,34.63
5,7.14
48,45.2
31,35.05
48,39.84
30,43.08
46,40.05
20,12.81
17,18.68
17,18.83
4,4.74
5,5.02
5,8.89
6,9.43
28,21.47
9,7.04
10,14.18
21,17.93
20,20.85
9,5.85
9,8.31
15,15.72
17,14.44
13,9.17
33,34.59
77,73.75
22,19.68
28,32.66
83,78.88
51,47.82
9,6.96
18,19.66
80,73.54
9,7.29
13,11.83
28,30.89
17,14.15
9,13.7
10,18.42
4,9.03
10,6.96
15,11.18
11,10.23
6,7.84
10,9.77
8,5.81
14,13.4
4,4.83
4,3.29
12,11.98
107,106.25
17,18.3
7,6.34
22,22.36
25,23.35
18,14.92
3,3.68
6,3.58
17,13.76
17,15.5
10,12.69
6,7.97
10,9.88
41,42.39
8,5.76
28,29.91
5,11.5
44,42.62
48,39.63
14,16.41
29,8.55
40,39.7
12,12.92
10,11.91
4,8.58
27,23.04
9,9.69
17,19.14
11,13.43
14,12.94
10,11.02
45,44.68
9,7.81
35,46.26
13,16.52
8,7.8
6,9.67
13,12.69
16,19.19
8,5.84
6,7.67
16,14.86
3,4.45
14,13.3
10,9.41
30,26.1
15,14.62
20,16.18
14,12.01
13,10.88
17,14.54
6,6.05
25,34.69
3,4.41
14,13.81
81,77.33
14,16.61
29,43.53
61,62.18
80,76.5
38,40.04
46,43.89
18,13.98
26,26.96
8,6.62
21,22.66
15,15.19
68,66.07
6,7.98
43,33.04
3,3.01
32,76.97
28,25.62
8,15.93
56,54.09
8,11.66
31,37.41
7,5.34
14,8.41
15,18.09
9,7.96
9,6.57
50,44.24
32,36.36
9,10.08
24,23.89
10,9.16
16,13.61
13,12.46
52,43.15
10,10.94
11,8.98
21,17.57
20,17.31
2,4.27
23,19.09
24,24.37
27,22.25
11,10.03
21,23.49
26,25.78
50,43.91
8,9.52
15,10.67
54,49.43
23,30.11
33,32.64
2,4.56
53,54.26
39,41.88
13,19.53
11,10.72
31,35.8
6,11.09
15,15.38
70,66.93
5,3.97
8,8.63
28,23.81
36,35.01
62,61.03
10,11.03
26,27.57
13,13.71
22,23.16
12,10.01
59,56.27
10,12.27
12,14.05
15,14.65
17,19.51
29,24.48
83,76.34
73,67.13
30,26.28
15,20.37
8,6.38
34,32.62
14,10.7
32,31.77
47,39.09
39,38.42
7,11.1
26,32.33
41,37.67
5,6.49
12,9.3
11,12.68
6,3.27
15,14.57
8,7.16
20,17.13
20,15.3
16,13.0
103,98.5
12,11.65
74,70.68
4,3.19
32,37.03
4,3.39
8,9.7
16,12.82
10,13.79
4,5.23
11,8.18
16,15.63
20,20.75
4,7.15
6,7.22
32,34.59
30,31.91
58,66.27
121,111.73
4,4.91
65,61.46
12,8.65
15,13.12
9,8.31
11,12.75
14,16.83
8,9.63
50,41.44
44,18.67
49,46.69
15,14.69
10,11.76
12,9.14
7,7.47
8,8.47
45,49.02
10,10.29
15,13.37
5,6.7
7,7.02
34,31.93
21,21.84
26,26.97
9,5.99
15,12.11
18,15.84
7,4.89
9,11.39
34,41.64
33,32.2
18,19.7
13,12.71
18,21.23
83,85.17
29,26.43
21,21.37
16,17.58
7,7.33
13,14.5
14,19.91
10,9.04
6,8.22
8,10.54
16,16.55
29,39.64
7,8.09
20,16.71
53,48.91
96,95.33
17,14.53
15,17.49
8,5.85
11,8.43
6,10.01
34,27.5
52,51.46
16,13.91
10,12.21
10,9.17
5,8.51
76,65.54
15,12.88
19,21.1
84,89.18
83,73.3
13,9.84
16,18.56
9,7.07
23,21.56
7,7.32
52,41.98
49,47.63
59,49.04
6,6.11
7,11.33
28,25.14
67,59.55
14,14.74
68,74.13
8,8.99
7,4.88
7,4.75
9,14.58
26,25.68
43,39.05
17,15.13
18,14.74
9,13.2
13,14.76
5,7.04
46,55.84
43,51.45
8,6.73
12,14.83
27,23.98
77,69.24
25,24.52
15,11.99
16,15.48
18,13.64
9,11.29
3,3.96
7,9.64
9,6.44
13,16.64
11,11.81
6,7.94
36,39.14
40,38.89
17,15.33
21,21.75
14,18.24
16,8.77
19,14.12
6,6.89
11,9.81
9,10.27
19,12.98
27,39.09
4,6.64
27,25.93
14,12.55
13,14.27
17,18.91
75,70.93
29,35.25
14,25.25
22,24.55
11,10.22
76,71.32
1,3.45
12,7.02
7,3.59
102,107.85
8,5.76
23,22.36
12,11.64
23,19.1
14,15.2
13,8.58
15,19.94
9,8.64
7,6.02
39,41.17
9,5.77
9,10.68
15,14.37
60,63.2
24,23.83
55,52.55
103,92.65
4,7.29
47,46.61
16,19.24
12,8.77
10,7.98
15,18.28
8,12.52
24,23.61
27,27.58
37,23.7
28,33.25
4,6.14
41,34.49
11,9.99
9,7.58
9,9.55
11,5.71
95,92.91
54,55.87
3,6.84
54,61.09
16,15.81
67,65.84
25,24.45
16,14.45
15,14.27
14,15.01
5,4.34
8,8.86
17,13.9
5,4.52
35,41.8
5,6.98
45,50.92
33,28.32
41,37.37
32,27.94
3,2.55
15,14.12
15,18.48
38,41.44
18,15.54
33,33.99
15,15.88
91,83.74
2,6.74
11,11.93
41,53.37
16,17.05
38,33.28
8,11.83
13,13.62
57,54.05
16,24.33
40,39.88
26,23.52
5,8.17
61,55.28
14,14.38
23,24.43
85,81.39
8,6.54
5,5.71
16,16.36
86,82.5
2,4.28
33,37.19
16,16.83
9,8.73
6,9.99
13,12.05
19,21.57
7,7.45
5,3.43
12,11.67
17,19.88
5,6.87
12,9.28
6,7.24
16,14.76
4,7.18
32,32.14
9,8.59
4,7.88
24,23.23
16,16.11
16,10.31
21,22.77
60,56.66
84,81.76
7,11.98
12,11.85
41,40.9
9,5.42
11,7.87
97,97.6
7,8.71
57,57.32
13,12.11
6,3.37
22,19.99
11,6.83
2,5.01
23,24.88
22,18.81
5,4.38
16,14.1
7,6.08
10,7.31
62,60.78
35,24.09
3,4.16
60,38.16
10,10.93
16,13.68
106,98.97
31,31.97
38,43.21
54,53.74
19,18.58
58,57.11
17,17.7
18,21.55
52,44.88
7,5.12
19,16.69
46,41.27
75,71.22
14,12.56
9,7.76
19,26.15
15,16.13
13,13.2
18,20.83
22,24.2
100,100.82
6,6.85
10,8.99
39,36.43
16,19.94
21,23.43
11,10.98
15,15.52
11,8.41
7,8.32
96,94.26
16,16.15
3,5.59
5,5.06
18,12.87
16,13.79
25,26.6
62,53.85
6,5.17
55,58.62
39,47.42
3,4.54
18,13.56
17,17.45
4,2.92
93,86.92
16,18.47
80,74.63
57,55.9
8,9.34
52,50.46
14,11.94
31,36.57
4,6.06
10,14.27
11,20.75
18,17.88
25,20.88
49,59.31
9,13.24
12,16.82
23,22.0
31,28.99
82,79.89
9,5.84
9,13.3
7,5.43
9,9.04
7,8.14
18,17.61
21,18.21
22,25.59
18,18.3
25,27.24
45,49.99
33,25.22
56,56.06
14,13.52
9,10.18
36,40.43
15,21.95
7,7.46
15,14.09
11,8.89
12,10.22
7,16.93
8,9.4
12,9.11
75,77.5
6,6.62
10,11.59
8,4.94
19,21.27
8,9.01
7,5.69
9,12.27
2,5.15
26,23.35
90,90.33
28,32.8
6,8.23
49,54.39
6,6.39
104,107.02
20,19.6
10,14.0
14,17.12
26,25.32
15,18.25
47,49.9
15,17.52
31,29.44
7,7.13
11,15.21
22,20.48
8,9.77
13,16.63
7,7.59
10,19.69
4,5.63
17,19.03
6,6.49
9,7.19
6,4.74
28,28.05
17,22.11
41,39.9
7,9.14
11,10.88
20,22.48
21,21.43
2,4.33
28,29.18
88,89.66
17,17.01
3,6.36
20,19.72
26,26.15
15,14.34
9,9.41
13,10.39
6,5.12
9,12.0
13,11.93
20,18.63
18,16.0
26,26.34
16,16.2
17,21.58
1,2.62
65,64.51
6,5.82
18,21.9
9,10.5
34,26.32
8,7.55
18,16.19
15,12.75
19,17.36
14,17.49
7,6.6
40,38.02
10,15.2
10,11.36
38,44.41
5,10.0
18,18.67
11,14.64
7,9.34
8,7.47
29,31.37
25,30.5
56,55.71
8,6.16
48,46.76
23,27.07
37,36.07
4,3.77
60,63.55
13,13.83
26,24.47
72,76.0
20,18.49
9,11.86
20,17.27
8,13.07
12,11.77
19,18.01
13,14.36
51,44.47
39,43.36
25,29.03
78,83.93
3,3.26
86,90.82
14,11.86
14,14.87
23,16.91
3,4.9
21,23.96
28,27.86
8,9.33
39,43.37
17,18.55
98,98.99
58,53.08
14,16.07
3,6.1
10,11.06
18,17.16
21,27.35
48,44.36
20,22.19
8,9.35
22,26.5
5,6.03
11,9.52
17,17.08
11,13.45
2,3.56
40,38.09
10,10.64
9,14.3
24,10.85
5,5.71
30,28.1
13,10.26
7,7.39
9,9.98
9,14.77
43,59.37
20,15.92
24,26.18
4,6.65
44,46.49
9,7.02
91,87.79
13,17.32
46,42.2
3,5.27
27,28.65
37,32.54
10,8.91
14,14.34
9,13.28
44,40.2
22,23.0
20,15.23
24,23.63
9,8.32
12,10.38
26,20.24
16,17.3
2,3.98
123,115.75
27,25.47
32,35.46
24,29.61
20,19.08
10,8.17
7,9.75
6,3.37
5,3.82
9,5.69
14,10.8
15,17.98
12,13.5
77,51.05
44,43.53
12,9.6
15,16.31
9,8.21
6,6.32
19,21.19
42,41.95
10,8.7
25,24.57
13,14.26
29,26.88
48,38.98
8,10.07
16,17.62
20,21.93
33,46.24
1,5.12
35,31.78
32,28.53
5,6.78
10,10.81
10,10.54
3,2.54
11,13.42
37,37.72
12,6.95
5,4.28
25,32.7
21,21.09
16,15.15
27,28.11
15,15.5
19,22.0
20,15.51
15,15.75
3,7.64
9,8.85
15,15.59
17,22.31
68,71.57
10,7.76
10,6.41
10,8.01
11,9.22
43,41.45
65,64.41
17,23.18
50,61.38
20,19.97
28,34.1
8,7.79
3,4.62
3,4.32
8,12.01
42,41.57
11,7.85
12,6.82
38,28.92
16,21.16
7,5.56
44,41.87
21,23.49
7,7.42
24,24.55
66,61.5
14,15.84
30,35.05
9,8.61
15,19.31
12,13.29
7,7.87
6,5.19
23,19.92
33,37.03
11,11.03
9,6.87
5,2.93
10,12.01
11,10.13
32,30.67
24,24.51
54,45.03
28,23.12
35,36.27
59,62.57
18,22.14
4,3.36
13,9.11
12,11.38
20,19.45
48,38.01
34,32.93
38,34.34
23,22.49
16,19.53
2,3.55
7,9.46
11,11.63
11,12.96
11,10.84
7,8.16
15,17.3
6,4.2
22,21.85
38,37.99
39,36.14
6,3.46
11,11.78
7,7.23
6,9.47
32,38.77
15,16.23
18,18.68
18,22.82
59,63.37
4,5.85
6,4.09
13,12.69
13,12.67
8,7.33
72,69.57
58,57.26
6,4.79
12,13.17
5,5.88
17,14.52
9,9.18
87,86.35
32,31.02
17,10.85
50,48.7
41,38.62
8,11.29
11,13.83
13,12.75
13,14.53
48,45.37
9,9.78
24,19.75
24,31.15
28,35.53
20,17.53
40,32.17
18,17.69
67,50.62
14,12.58
8,12.06
5,2.96
11,9.84
62,57.5
14,12.99
29,24.19
17,15.02
61,63.9
11,11.83
8,7.34
14,23.14
37,33.92
55,55.57
81,82.43
13,10.73
71,74.97
7,8.34
17,17.83
3,3.66
74,70.78
8,8.84
91,90.45
17,18.16
9,7.3
40,18.35
5,5.94
62,61.88
4,5.04
29,48.71
11,11.12
21,17.65
31,30.82
16,12.72
11,12.58
17,15.74
8,8.17
1,3.41
10,10.45
12,12.88
11,9.56
7,8.3
21,16.2
6,8.16
10,10.19
7,4.05
20,16.66
16,11.98
82,74.8
96,96.24
31,18.79
6,8.91
20,23.17
16,14.83
26,17.07
19,23.99
21,19.53
26,26.04
9,10.02
5,6.66
9,9.81
21,18.01
5,7.67
6,4.11
19,22.3
77,76.7
11,10.44
31,42.48
7,7.13
2,4.07
12,11.22
8,9.97
11,17.3
41,38.99
8,6.53
9,8.41
14,14.15
23,21.72
18,21.7
8,7.49
13,16.79
40,42.32
8,8.11
7,8.63
19,27.87
13,15.37
12,10.43
45,41.49
17,20.86
53,43.78
5,5.03
9,6.61
22,19.28
14,11.55
12,10.45
17,21.83
15,16.39
7,7.68
26,27.88
11,11.92
37,34.05
9,13.08
93,85.14
10,10.97
18,12.2
14,13.89
7,7.28
10,13.78
72,67.78
7,6.92
13,10.71
15,18.95
37,31.31
17,20.77
11,7.2
9,4.81
20,18.36
20,24.0
37,43.7
34,31.47
26,28.7
66,54.89
16,10.47
41,39.1
19,16.55
9,7.41
10,12.13
33,37.89
13,16.0
37,37.4
13,15.52
6,9.87
18,13.43
68,65.25
10,10.28
9,9.15
47,45.8
13,9.74
13,10.69
48,46.76
69,67.99
22,18.32
12,15.87
10,9.84
41,46.56
20,17.41
10,13.78
11,7.81
5,6.06
11,9.64
12,11.03
25,26.01
7,11.05
16,11.36
20,16.04
3,4.68
12,10.66
19,20.31
43,41.46
17,17.0
14,14.44
8,6.19
7,9.38
2,5.9
14,15.06
83,87.55
6,4.77
13,12.81
50,54.78
3,4.03
14,13.7
21,18.41
12,10.86
8,8.91
41,38.02
7,8.37
55,43.72
13,12.4
23,24.02
14,11.52
16,16.44
17,19.16
57,60.99
2,6.19
10,15.18
21,20.19
10,11.86
5,6.04
19,14.62
12,10.5
16,12.86
11,10.35
82,81.26
33,24.06
10,5.87
2,4.0
16,21.1
2,4.89
33,31.61
13,15.35
14,14.71
38,29.19
13,10.03
4,2.85
4,3.67
6,4.81
10,7.37
4,4.87
15,11.05
36,37.44
9,12.34
24,25.43
19,20.39
53,63.94
3,6.01
2,4.53
12,7.83
16,19.81
53,52.83
10,11.2
17,13.89
102,106.39
14,9.98
8,7.76
13,13.97
2,2.24
20,18.61
35,42.18
2,2.17
5,10.06
21,19.79
6,4.54
16,20.82
9,7.98
6,6.22
12,14.29
19,16.21
40,40.56
50,48.32
6,3.39
61,58.96
76,66.96
13,11.14
5,2.16
35,37.83
8,12.09
18,20.51
37,35.23
10,14.43
22,20.64
36,33.13
4,4.82
49,51.45
29,31.06
47,53.81
19,18.5
8,5.93
13,16.1
108,109.56
12,15.29
46,39.25
71,66.26
15,10.31
27,29.22
33,31.44
27,25.4
11,6.25
14,15.01
7,4.68
11,12.72
9,8.14
32,33.39
12,9.61
93,95.68
2,6.08
33,40.79
11,12.43
7,9.79
15,14.17
8,9.26
6,7.73
13,11.66
11,8.11
28,32.64
60,60.7
53,57.24
39,39.15
17,16.35
16,21.28
24,24.01
18,17.12
14,14.89
40,36.52
13,12.11
3,5.34
85,99.56
6,5.87
35,34.89
10,9.35
26,26.25
11,18.14
11,12.42
22,19.66
13,12.93
15,15.8
6,4.48
12,10.79
7,6.98
12,10.7
45,39.15
9,7.42
33,36.31
16,20.94
15,17.1
15,18.3
52,45.53
12,12.83
7,11.9
16,15.04
37,35.75
7,7.0
12,8.58
43,42.98
14,10.07
6,9.65
5,4.29
35,28.08
10,11.66
21,18.27
29,19.24
33,30.55
9,7.8
6,8.36
13,17.15
8,8.4
14,15.66
4,5.59
18,18.01
16,16.1
2,5.28
9,10.02
18,16.55
34,33.88
18,18.21
17,15.39
13,19.38
8,8.66
52,55.2
13,10.77
5,7.1
15,14.74
43,39.69
9,8.92
55,55.64
10,11.88
4,3.08
67,63.34
27,24.71
12,12.04
7,6.95
53,49.2
4,7.97
4,5.04
67,61.68
7,9.63
7,7.17
21,23.64
45,49.91
25,30.03
9,8.88
4,2.39
9,5.56
18,15.4
25,17.02
16,17.73
9,7.3
9,8.71
22,23.0
50,52.06
30,36.45
23,21.1
10,14.29
25,22.38
20,14.46
28,26.22
16,14.7
6,7.14
20,31.02
94,88.63
10,8.9
35,30.28
9,7.48
15,12.97
2,4.6
13,11.89
14,14.69
9,10.25
23,21.44
16,15.54
52,50.56
61,64.24
68,68.98
33,35.07
30,33.48
12,9.19
10,8.22
36,35.38
4,5.78
16,16.34
26,26.59
5,5.65
30,32.22
109,100.85
28,34.63
15,20.13
15,13.74
18,18.04
13,12.96
14,14.66
10,11.88
6,6.44
14,8.66
6,7.47
71,69.05
7,5.12
6,8.65
7,7.51
8,7.32
6,9.03
59,57.91
50,59.44
12,8.84
1,4.53
4,3.96
30,32.5
14,16.14
25,27.36
18,18.6
9,11.91
8,7.82
8,7.03
29,26.14
11,13.27
5,7.8
8,9.15
33,28.29
31,31.96
18,14.75
8,6.22
8,7.96
20,24.25
13,13.81
7,5.99
14,11.22
5,6.13
21,24.22
82,83.41
21,19.66
18,14.2
17,17.18
20,18.8
14,13.59
10,8.78
26,25.7
20,15.06
58,52.79
26,25.81
14,12.98
13,13.28
22,18.46
65,71.23
36,42.86
23,25.51
20,28.88
19,24.89
19,17.97
3,5.44
12,14.06
88,97.18
20,21.74
64,57.77
14,13.99
38,37.81
7,8.7
14,13.09
16,11.24
25,29.16
5,5.56
8,8.58
4,5.02
71,86.73
42,39.42
87,88.01
26,34.68
9,6.16
40,39.67
13,11.8
4,4.66
6,7.51
9,9.44
76,79.27
68,71.34
64,81.05
6,7.9
11,12.25
38,38.87
4,5.33
12,10.46
71,63.8
76,63.11
11,9.04
39,45.38
10,14.93
50,47.68
8,7.71
8,6.55
35,37.51
25,25.24
7,6.74
10,13.26
7,8.42
13,11.93
35,42.61
9,7.66
8,6.43
45,40.76
20,17.25
23,26.38
8,12.09
29,26.3
70,64.54
9,11.3
22,17.9
112,95.07
7,7.14
15,15.67
4,3.1
11,7.24
12,10.36
24,11.24
57,49.28
54,58.14
15,12.65
60,62.5
16,13.23
68,71.56
28,27.65
11,9.66
29,30.59
47,48.11
9,14.98
15,14.17
13,16.64
37,42.19
5,7.9
7,9.16
34,39.09
52,60.03
76,78.87
26,26.55
12,14.32
24,20.97
16,10.86
8,5.6
49,58.4
14,14.32
22,21.05
5,12.42
29,27.6
32,31.19
20,18.73
18,34.02
1,3.36
29,28.51
11,9.93
9,11.39
36,41.84
7,8.82
14,14.61
39,39.86
81,74.13
5,7.24
26,29.77
9,8.79
13,9.97
5,6.04
49,50.57
30,34.36
16,14.95
41,39.57
17,18.57
11,11.99
3,4.48
25,23.07
12,9.79
6,4.83
21,23.29
62,62.26
18,16.26
73,77.95
9,9.33
19,17.93
8,9.75
7,6.98
29,26.45
13,10.78
5,5.3
14,14.64
13,13.86
13,14.01
11,15.48
27,24.51
10,9.15
24,17.86
19,13.3
16,14.91
89,88.24
70,60.96
7,9.96
36,39.19
35,46.18
15,17.19
15,14.67
13,12.86
18,17.18
3,3.53
19,23.11
5,5.81
20,19.24
7,6.9
32,35.58
8,7.87
16,16.36
9,8.94
19,16.07
98,98.63
22,21.69
42,43.94
15,16.28
85,63.43
25,27.14
10,10.62
28,23.7
4,6.12
16,14.96
13,13.92
21,20.2
11,14.45
14,12.04
42,37.36
18,17.88
47,50.43
8,6.99
51,54.22
38,38.69
3,6.96
6,7.21
49,58.12
11,10.06
13,9.1
6,4.2
9,10.02
9,9.91
7,6.25
5,7.28
71,70.05
4,6.92
13,14.07
16,9.22
24,22.37
38,33.89
11,11.22
11,10.39
10,9.01
7,6.18
13,7.71
26,20.9
4,3.37
8,5.68
5,8.36
10,8.35
24,25.02
39,43.04
7,8.05
26,27.23
5,5.44
10,8.31
10,10.47
16,13.05
62,62.74
104,101.47
7,3.23
18,20.35
27,26.02
37,51.0
24,25.13
61,67.06
30,31.14
4,5.56
57,60.11
4,4.97
110,103.37
5,6.29
7,6.32
18,16.46
16,16.21
23,21.57
42,37.34
24,22.65
30,25.12
47,42.14
12,18.21
29,32.73
40,39.41
18,18.59
11,12.68
12,13.98
19,18.96
23,23.68
10,9.74
8,6.89
19,19.53
5,8.19
31,27.69
11,15.69
22,27.3
12,10.66
6,5.55
14,10.18
52,58.04
12,14.81
10,12.96
7,6.64
39,39.08
37,47.22
5,6.93
13,13.46
27,24.92
2,3.22
26,22.68
4,10.12
74,67.72
11,10.41
11,9.68
13,10.17
11,15.76
13,11.55
53,63.29
19,16.66
57,53.15
6,9.09
26,21.01
9,8.28
55,50.12
21,19.52
6,8.43
46,45.61
13,9.18
11,11.46
17,17.42
20,18.29
16,14.62
17,16.99
52,56.15
26,33.18
7,7.51
77,74.13
9,6.22
5,3.43
34,31.43
38,34.66
8,8.45
12,8.71
4,3.57
11,7.67
20,14.24
9,8.25
62,63.61
17,16.41
47,48.32
7,6.01
6,7.2
18,17.0
57,58.69
19,19.34
8,6.58
27,28.06
15,17.14
16,15.58
16,17.2
54,56.75
11,8.6
4,4.7
34,33.63
3,6.09
9,10.95
13,15.01
11,12.01
33,30.83
7,8.04
24,26.29
8,7.18
16,16.74
14,11.65
14,18.3
52,47.82
29,28.11
4,4.8
12,12.07
19,20.62
11,14.93
17,19.55
15,9.44
45,43.81
50,48.06
14,12.91
9,11.8
8,7.71
6,7.28
7,7.81
20,21.17
21,15.49
4,3.16
10,9.64
2,6.43
5,7.93
52,47.28
5,5.22
5,8.42
30,30.83
15,16.14
23,22.6
61,54.3
16,12.29
14,14.95
3,6.54
25,28.56
6,3.07
30,29.09
11,9.39
11,8.28
18,15.66
3,7.24
21,15.22
19,11.24
21,18.1
26,20.76
13,16.7
34,39.24
35,32.54
46,43.11
14,13.91
6,5.04
11,9.09
8,8.3
10,16.06
19,20.05
49,47.01
83,82.16
6,10.78
113,107.27
12,10.65
12,10.68
17,15.84
14,20.09
33,26.9
12,10.99
18,16.0
51,55.23
12,10.29
12,15.76
24,38.29
14,15.55
7,9.92
56,58.57
15,16.74
7,11.4
16,27.62
19,17.53
8,5.59
48,48.48
14,11.16
15,12.13
44,45.15
19,14.95
50,48.93
8,6.89
11,12.11
12,13.82
17,15.61
31,41.55
27,36.35
37,36.55
16,15.75
19,20.03
54,56.55
6,6.17
20,20.27
27,27.55
9,12.12
21,18.64
21,16.2
11,9.44
1,3.28
17,18.15
26,28.41
76,79.39
5,5.81
32,31.98
6,10.49
42,44.96
18,13.98
15,16.99
16,14.86
14,17.0
61,52.49
11,11.3
19,23.42
18,19.56
22,24.07
6,6.51
19,20.29
5,4.14
18,13.58
12,9.75
68,67.67
10,15.35
23,22.09
92,89.23
82,71.52
5,7.65
7,4.88
26,21.3
64,61.22
5,12.74
14,14.3
18,19.95
55,49.11
30,26.65
11,9.9
16,13.28
18,14.47
9,10.17
14,15.23
9,11.52
19,20.01
20,16.82
13,13.79
40,41.39
14,11.17
18,14.89
21,22.94
9,12.57
9,8.43
1,3.56
9,7.88
24,27.69
9,20.04
24,24.57
19,21.92
12,9.56
26,20.53
17,12.77
5,6.77
15,18.09
14,16.71
3,4.98
20,23.52
8,5.92
17,16.84
24,22.63
28,31.06
44,49.71
39,40.66
34,30.12
40,42.18
15,16.88
40,38.52
9,9.6
34,31.78
55,54.76
8,6.92
22,26.73
66,71.12
11,15.01
4,2.45
14,12.94
7,6.32
7,9.78
18,17.99
6,6.55
6,8.88
16,16.85
15,12.33
44,51.64
25,24.63
8,7.75
13,14.88
80,71.17
6,3.93
36,37.6
19,25.88
45,39.7
12,11.41
6,9.76
15,13.88
25,29.77
8,8.3
8,5.6
4,8.84
5,7.69
13,8.23
37,41.31
13,10.64
68,60.06
20,15.17
22,18.84
10,11.79
15,11.9
37,36.24
11,16.96
9,10.01
12,13.37
3,5.35
58,55.97
13,12.66
24,23.51
36,40.16
6,6.58
61,59.22
8,8.95
12,12.15
13,12.05
31,28.45
3,4.77
12,12.62
10,11.1
74,70.18
9,16.42
35,33.9
38,35.83
6,6.92
11,8.82
54,58.99
33,33.25
41,38.19
10,9.75
29,32.39
10,10.17
27,27.86
17,9.62
49,57.49
36,31.36
41,39.48
62,44.7
26,24.29
8,7.44
6,6.99
17,12.65
12,12.9
76,78.07
14,14.42
13,17.7
7,10.15
23,24.2
14,17.97
35,36.79
16,12.71
6,5.44
19,18.38
11,7.92
7,8.32
17,21.39
9,14.36
15,12.36
6,10.37
20,11.52
44,44.06
52,49.81
73,77.14
9,8.31
12,15.78
9,10.15
10,10.24
8,9.96
14,18.65
6,9.75
43,38.33
8,10.84
6,6.6
36,29.87
11,14.49
84,83.38
43,45.55
3,6.5
10,14.53
89,86.47
8,9.38
6,8.81
8,10.16
18,18.56
26,26.49
6,5.11
15,12.73
96,98.53
69,64.28
6,5.22
52,43.27
7,4.6
27,25.08
10,9.92
30,29.11
6,10.18
13,12.96
18,18.47
39,37.25
10,7.52
4,7.54
11,9.24
7,6.91
63,56.71
63,62.12
5,10.69
40,40.43
20,23.92
16,20.34
39,35.76
26,25.06
23,16.01
33,29.29
4,4.49
23,26.92
19,18.49
44,54.09
13,13.36
23,24.64
19,18.81
13,14.81
12,12.5
63,67.91
20,19.7
56,57.3
10,11.91
78,73.41
29,29.45
30,25.61
8,9.34
11,10.04
12,12.94
15,8.2
7,7.78
12,12.82
18,18.09
54,57.67
16,14.47
8,9.51
87,86.93
17,16.93
4,2.41
14,14.94
40,41.53
9,8.27
14,12.92
25,30.9
67,68.19
38,37.28
11,13.97
13,13.84
8,4.95
11,10.8
9,11.28
35,44.14
12,10.34
16,13.42
6,8.56
10,8.35
14,14.6
13,13.23
15,20.07
7,7.57
3,4.93
26,26.56
12,9.28
10,10.76
6,7.8
21,18.01
7,8.54
14,12.9
48,50.12
13,14.8
16,10.92
14,15.08
17,12.4
9,12.74
6,5.7
8,8.0
52,49.62
45,42.06
29,10.01
8,6.64
26,20.36
35,33.87
24,22.0
37,43.18
19,14.62
7,9.37
51,46.02
52,45.24
5,4.6
36,35.02
3,4.16
29,31.91
86,86.83
79,81.5
23,20.33
36,34.77
14,12.59
44,39.75
2,3.35
34,29.57
4,4.38
21,23.12
102,101.83
24,24.36
81,74.09
17,14.22
96,94.12
5,6.23
30,32.24
16,22.28
3,6.99
17,19.46
89,89.76
40,41.91
65,62.77
8,9.2
10,14.43
77,73.46
18,12.44
31,29.7
10,11.0
19,14.27
50,45.9
6,9.73
14,18.05
13,13.97
5,5.97
38,36.16
5,4.84
11,8.65
37,39.54
20,15.08
12,11.98
6,7.34
20,17.02
31,28.47
17,20.25
64,68.22
12,15.9
8,7.2
42,37.82
39,41.64
17,16.77
5,8.43
13,12.07
101,101.31
25,29.38
8,11.38
15,12.68
14,16.86
16,14.5
19,20.82
58,55.35
45,46.65
40,40.57
36,42.78
11,8.21
81,66.56
10,20.24
96,96.79
22,22.58
28,28.73
17,23.04
7,5.74
8,11.16
17,15.49
15,16.15
22,35.19
9,16.24
16,13.16
16,16.25
22,22.55
5,7.1
72,61.42
82,84.15
6,2.68
11,6.6
7,6.51
27,37.26
23,20.21
6,6.7
6,5.96
10,7.51
11,7.81
8,5.62
16,14.03
9,12.68
18,20.5
39,37.06
6,5.28
7,6.8
43,44.14
10,9.04
15,14.04
17,15.81
25,21.01
15,11.99
8,9.85
9,6.79
6,6.57
51,40.03
6,8.58
11,6.53
14,11.02
30,32.73
8,8.33
8,8.47
4,7.43
62,52.35
20,9.29
11,10.68
12,17.29
27,29.98
31,30.89
54,25.24
5,4.57
15,14.37
22,34.13
30,25.9
17,16.91
10,12.86
3,3.72
13,14.41
9,11.65
30,24.02
15,17.41
3,4.98
8,6.37
12,18.41
10,11.96
17,17.27
16,15.56
25,22.43
19,18.5
5,7.15
6,5.8
20,20.89
14,15.95
7,4.42
7,12.94
6,11.16
7,7.22
15,13.01
13,8.88
10,8.31
66,69.85
10,15.14
22,22.85
29,23.68
10,10.61
12,15.67
28,25.64
74,57.78
18,18.47
6,6.72
2,3.07
92,114.93
15,13.96
7,6.85
8,9.16
22,17.43
44,41.26
16,18.0
12,13.92
14,13.29
24,21.41
5,7.08
12,11.73
4,3.75
9,7.15
36,37.78
17,22.02
24,28.79
30,30.52
16,16.06
5,3.99
36,28.97
12,9.45
14,15.06
21,21.68
21,21.71
8,9.31
24,24.51
18,14.5
28,28.91
60,56.7
51,52.33
21,24.7
117,112.42
25,24.8
18,17.83
14,12.67
76,66.31
20,16.57
26,32.62
25,33.15
24,22.7
32,29.45
13,14.73
13,10.34
9,12.96
5,7.71
25,17.01
16,19.41
7,8.0
40,36.8
82,76.13
19,18.18
15,8.5
62,53.58
21,23.33
23,28.3
8,10.21
12,16.25
16,12.34
9,8.93
16,9.38
14,8.66
30,31.35
7,3.65
8,9.93
3,4.42
5,6.02
34,28.42
13,9.6
15,10.92
35,35.3
6,4.38
9,4.4
20,24.06
13,12.91
5,5.39
8,10.98
8,9.44
11,4.91
78,74.07
78,77.69
6,6.54
6,7.37
7,6.06
1,3.93
13,10.67
11,14.32
10,7.29
20,16.53
9,9.98
12,11.66
9,13.81
9,8.74
32,41.07
33,37.79
26,27.51
6,3.53
16,17.55
23,25.31
27,30.42
25,19.97
27,27.13
10,11.0
4,7.18
7,6.88
86,81.99
10,7.85
12,16.55
6,4.82
7,4.29
19,18.47
33,27.8
51,54.83
19,16.63
10,8.68
14,13.57
9,13.28
46,40.4
16,16.04
6,7.36
6,8.22
12,12.97
31,35.89
18,17.66
6,5.6
9,8.98
62,62.27
29,27.95
6,5.6
16,13.41
38,21.39
13,8.01
22,25.01
15,13.6
12,13.74
54,48.54
31,30.53
12,15.87
5,7.48
16,19.17
7,6.27
22,25.89
40,33.56
8,6.65
3,3.37
14,10.75
44,47.18
14,19.53
10,13.77
10,11.56
16,17.82
71,63.8
44,41.55
21,20.52
23,24.44
45,45.39
18,16.78
79,78.09
62,58.84
17,14.86
44,49.93
9,7.3
29,37.92
23,19.51
10,9.92
3,7.11
31,27.87
19,24.13
10,10.63
48,40.9
5,6.78
20,21.65
24,24.63
32,23.53
8,5.93
13,14.71
10,10.25
40,41.97
9,10.52
48,42.07
19,26.13
18,18.14
67,67.05
59,59.41
15,19.37
20,17.29
48,51.12
9,16.98
14,12.69
10,12.14
9,8.9
6,3.82
18,13.11
87,86.86
33,31.39
12,11.82
28,27.11
9,8.96
12,11.66
11,6.26
32,30.86
12,19.17
13,16.39
74,70.12
18,17.07
37,43.31
12,11.35
30,30.68
18,14.23
42,41.85
29,32.07
11,9.48
12,11.57
4,8.63
16,17.74
11,13.5
15,13.24
7,7.66
14,12.23
14,9.52
21,30.75
15,12.73
13,13.71
14,14.53
18,22.66
9,6.39
10,9.61
23,27.99
32,35.8
2,3.88
4,6.74
11,11.51
19,17.22
36,38.63
12,12.13
34,32.76
10,10.41
8,9.72
34,34.79
82,80.21
10,15.42
64,63.82
3,5.26
18,15.88
16,12.61
6,8.15
21,18.87
76,72.5
54,51.23
13,12.25
33,34.31
8,9.93
15,11.88
53,45.84
34,32.53
9,7.62
85,80.91
8,10.34
17,17.31
58,55.3
15,10.84
2,5.31
5,7.29
16,14.32
26,23.51
14,16.11
14,16.86
9,9.91
5,9.66
16,16.51
10,11.96
33,37.32
15,14.69
80,86.69
46,44.66
25,21.0
13,8.73
23,28.64
17,15.29
10,10.32
5,6.37
13,10.93
6,6.21
19,17.53
5,8.64
43,31.31
5,3.74
13,15.49
6,7.17
11,11.78
13,18.06
66,71.39
14,13.27
64,64.75
12,12.76
18,15.85
31,39.29
19,17.36
44,40.85
15,13.69
6,6.03
15,13.3
6,5.97
14,13.67
21,17.38
2,3.68
10,8.41
10,12.06
16,17.19
30,41.96
38,29.48
21,17.09
20,14.9
58,68.04
6,5.48
14,13.5
17,18.45
2,3.03
14,17.69
8,7.14
9,10.21
22,37.66
26,22.77
13,14.28
44,43.03
55,67.97
103,87.32
17,11.95
9,17.36
30,31.78
4,4.81
11,9.39
40,36.77
12,12.17
25,28.43
22,24.51
61,55.3
38,37.68
20,15.99
3,6.34
15,14.99
65,63.99
52,56.09
33,33.05
28,28.96
60,62.29
6,6.08
16,17.78
61,59.49
48,61.18
40,40.3
76,77.53
7,4.11
28,30.43
37,34.3
7,8.43
7,6.26
8,6.98
18,21.71
110,102.95
32,34.87
11,8.08
6,6.69
12,7.66
19,17.95
11,11.84
7,11.01
11,7.4
23,25.88
17,20.29
7,7.18
21,17.9
2,3.94
4,3.27
40,41.09
55,62.99
23,27.32
12,11.16
4,4.28
17,16.41
6,4.06
10,8.46
19,18.15
10,12.73
33,36.55
19,35.96
8,12.48
10,14.64
16,15.83
5,3.97
15,15.89
25,18.12
81,78.84
20,22.83
36,49.75
17,17.89
14,10.56
55,55.06
29,24.66
11,10.92
9,7.67
10,10.08
7,11.49
26,32.62
9,11.17
34,28.31
4,4.27
49,50.55
12,14.64
30,31.63
16,17.86
7,5.06
25,25.37
20,14.42
9,7.66
17,14.75
